applicant_name,applicant_email,applicant_mobile,applicant_dob
Chad Smith,ChadSmith@jones.info,25475528,19/05/2003
Willie Richard,WillieRichard43@williams.com,84246600,05/06/2002
Heather Gates DVM,HeatherGates@robertson.biz,71022013,2012/04/11
Darlene Barker,DarleneBarker97@miller.com,21353487,03/11/2008
Dr. Michael Johnson,MichaelJohnson26@barry.com,06058496,2013/01/29
Mr. James Hawkins,JamesHawkins@medina-pratt.biz,15639944,1985/03/09
Miss Connie Williams DDS,ConnieWilliams67@nolan-stevenson.info,2,19-03-1987
Dr. Cole Farley,ColeFarley@schmidt.org,18801486105,1986/11/06
Ms. Susan Ramos,SusanRamos@wilson-kemp.org,1108226407,1999/09/24
Alexis Grant,AlexisGrant74@martinez.com,245,20-10-1970
Bryan Roberts Jr.,BryanRoberts@kramer-young.com,75689334,1993/01/08
Jesse Vaughn,JesseVaughn14@johnson.biz,124,09-05-2022
Mrs. Crystal Anthony,CrystalAnthony88@cruz.info,56556346,30-04-2019
Jeanette Garcia Jr.,JeanetteGarcia18@hernandez.com,98318914,1987/09/15
Karen Thomas,KarenThomas12@ross.com,6028,13-12-1975
Ms. Amy Gutierrez MD,AmyGutierrez@barry.com,61009414,24-02-1972
Tracy Hinton,TracyHinton85@adams-miranda.biz,721729,11-02-2001
Jamie Smith III,JamieSmith@anderson-bryan.org,8334248022854,1983/02/28
Jennifer Robertson,JenniferRobertson80@chapman.info,53498,18-07-2023
Margaret Green,MargaretGreen18@yates.net,09778332,29/01/2008
Alicia Oconnor,AliciaOconnor90@johnson.biz,36931735,13/11/1990
Stacy Nixon Jr.,StacyNixon@hebert-ortiz.com,392112455,2004/05/20
Jonathan Boyd DDS,JonathanBoyd@martinez.com,71545033,2021/03/11
Luis Ramirez,LuisRamirez52@anderson.org,9296544,17-01-2015
Donna Gray,DonnaGray@russo.com,25219653,27/09/2002
Tina Smith,TinaSmith@anderson-bryan.org,92107310,29/01/2005
Ms. Dale Flores,DaleFlores@chapman.info,183104579,2011/03/11
Christina Jackson PhD,ChristinaJackson@johnson-obrien.org,84751575,1991/07/02
Dana Potts,DanaPotts@cunningham.com,89567002,06/07/2016
Mrs. Heather Berry II,HeatherBerry@jones.info,31291476,1987/12/20
Annette Garcia,AnnetteGarcia41@everett.com,29050860,02/06/1992
Valerie Conrad,ValerieConrad82@baker.com,30716913,12/07/2021
Kyle Pacheco,KylePacheco91@burns.com,20025798,30-07-1994
Robert Le PhD,RobertLe7@adams-miranda.biz,32969758,1987/02/19
Miss Crystal Johnson,CrystalJohnson61@martinez.com,29086329,20-03-2002
Dr. Amy Contreras DVM,AmyContreras@jones.info,10292394,1980/12/09
Dr. Jonathan Walker,JonathanWalker72@robertson.biz,16794902,1982/05/17
Christine Cooley,ChristineCooley@williams.com,87241564,09-06-1984
Kevin Harper,KevinHarper11@wilson-kemp.org,6726,01-05-2018
Mr. Ralph Smith DVM,RalphSmith@cruz.info,81731967,1978/08/30
Erik Johns,ErikJohns@bridges-myers.com,91837214,24/07/1997
Miss Mr. Stanley Cochran,Mr.Stanley@kramer-young.com,83,01-10-2011
Vanessa Hunter,VanessaHunter23@townsend.com,90723328,21/12/2004
Melissa Martin,MelissaMartin77@wilson-kemp.org,86654024,04/12/1977
Marissa Torres,MarissaTorres27@briggs.com,14772806,24/06/2005
Jennifer Davis,JenniferDavis47@cruz.info,75978486,10/01/1982
Keith Cooper,KeithCooper1@russo.com,02359616,06-05-2019
Thomas Stevenson,ThomasStevenson@cruz.info,20886216,16-08-1997
Jerry Pena,JerryPena@walker.info,08605252,16/03/1985
Jessica Hernandez MD,JessicaHernandez@martinez.com,78640931,10-05-2018
 ,CrystalArcher20@townsend.com,74297000,25/03/2006
Erica Flores,EricaFlores81@baker.com,2,05-06-1970
Miss Ms. Amy Osborne,Ms.Amy73@jones.info,50842757,21-01-1993
Carolyn Frazier Jr.,CarolynFrazier23@barry.com,42351921,2008/10/23
Mrs. Robert Porter,RobertPorter@stafford.net,0140557,21-06-2023
Kerri Osborn,KerriOsborn87@hernandez.com,26,27-04-2011
Cesar Potter,CesarPotter9@russo.com,85,05-12-2014
Dr. Stephanie Bennett PhD,StephanieBennett@walker.info,90100051795,2008/08/12
Luis Garcia Jr.,LuisGarcia@russo.com,3344659029229,2013/09/23
Brandi Daniel II,BrandiDaniel@walker.info,27261436,31-03-1984
Ms. Brian Douglas DVM,BrianDouglas@hernandez.com,33556995,1977/03/08
Mrs. Richard Scott,RichardScott@hernandez.com,1812080,08-07-2023
Ms. Brian Shepard,BrianShepard@cruz.biz,34621907,2012/12/15
Kyle Lewis,KyleLewis@nolan-stevenson.info,54453257,01/12/1986
Mr. David Hernandez II,DavidHernandez29@cruz.info,71290467,20/08/2018
Kara Collins,KaraCollins78@russo.com,9,11-09-2003
Brandon Horn,BrandonHorn93@burns.com,9,05-01-2002
Mr. Emily Nunez,EmilyNunez@small.net,861847016560794,2010/10/19
David Perkins PhD,DavidPerkins@cruz.biz,41969316,2011/04/21
Elizabeth Allen DDS,ElizabethAllen40@medina-pratt.biz,50359486,1999/02/28
Daniel Curtis Jr.,DanielCurtis@bridges-myers.com,10584574,1992/01/18
Michael Nguyen,MichaelNguyen10@burns.com,67286489,03/02/2007
Melissa Johnson DDS,MelissaJohnson77@watson.com,46035022,1987/05/31
Jennifer Scott,JenniferScott39@anderson-bryan.org,29255073,01/01/1997
Dennis Dawson PhD,DennisDawson@adams-miranda.biz,73284646,1976/04/27
Logan Wagner,LoganWagner60@allen-brown.com,07425,08-11-2019
Dr. James Smith,JamesSmith@baker.com,21265146361659,2002/05/14
Felicia Jones PhD,FeliciaJones@george.com,18023307,1970/10/11
Katrina Williams,KatrinaWilliams@bowman-curtis.com,91938708,12-02-2018
Heather Jackson III,HeatherJackson80@burns.com,19309428,2011/05/25
Rachel Hurst,RachelHurst67@bridges-myers.com,592059,09-09-2015
Miss Christopher Gomez DDS,ChristopherGomez@anderson.org,48884339,23/10/2016
Vickie Vincent,VickieVincent83@robertson.biz,26811894,21/06/1998
Zachary Wilson,ZacharyWilson50@russo.com,05973363,24/06/1989
Ryan Ford Jr.,RyanFord6@hernandez.com,59131142,1988/12/10
Valerie King,ValerieKing44@anderson.org,68661759,23-04-1974
Brenda Hodge,BrendaHodge26@everett.com,11284,19-07-1973
Jason Smith DVM,JasonSmith@walker.info,93751070862,1971/05/09
Mrs. Jessica Kelly,JessicaKelly@robertson.biz,4,13-07-2023
Mr. Marvin Alvarado II,MarvinAlvarado71@anderson-bryan.org,78708949,04/07/1986
Edwin Lang,EdwinLang@walker.info,78632921,16/04/2019
Maurice Gonzalez,MauriceGonzalez@hebert-ortiz.com,58177259,20-03-1991
Carrie Lewis,CarrieLewis99@townsend.com,057023,26-08-1982
John Johnson,JohnJohnson65@nixon.org,42,06-11-1974
Adam Lopez,AdamLopez@baker.com,18730509,24/12/2021
Dean Mullen II,DeanMullen@ross.com,20717822,17/06/1976
Denise Gomez,DeniseGomez47@watson.com,2651269,16-10-1990
Stephanie Hill,StephanieHill75@martinez.com,17360059,12/08/2007
Lindsay Lopez DDS,LindsayLopez@barry.com,02268670,2010/03/16
Miss Jennifer Gibson,JenniferGibson69@hebert-ortiz.com,20804522,16-11-1993
 ,WhitneyHartman20@townsend.com,34656555,1979/06/14
Corey Harris,CoreyHarris1@hebert-ortiz.com,4,01-04-1981
Diana Chan,DianaChan@miller.com,18671500,10/08/1989
Samantha Kirk DVM,SamanthaKirk@bowman-curtis.com,60482740,1980/05/18
Brandy Green,BrandyGreen21@barry.com,10203765,19-11-1992
Kevin Hunter,KevinHunter20@watson.com,70504438,22-06-2003
Chelsea Duffy MD,ChelseaDuffy@jones.info,73292737,21-05-1976
Pamela Schwartz MD,PamelaSchwartz86@compton.com,9443,28-06-2023
Brooke Summers,BrookeSummers59@bonilla.com,34408646,20/06/2012
Christian Cole,ChristianCole2@cunningham.com,78309815,07/07/2010
Mrs. Jessica Novak Jr.,JessicaNovak@booth-morrison.com,10996079,01/09/1981
 ,LauraPowers81@bowman-curtis.com,931529,10-02-2021
Christopher Zuniga,ChristopherZuniga60@nixon.org,027,05-07-2023
Alexander Guerra,AlexanderGuerra@townsend.com,75251170,31-01-1971
Ashley Moore,AshleyMoore99@miller.com,5265184,07-12-2016
John Clark,JohnClark@small.net,27388887,11/10/2001
Cynthia Green PhD,CynthiaGreen@small.net,50468484,1975/10/20
Miss Anna Fuller,AnnaFuller@walker.info,62117420,14-06-2020
Kirsten Davis DVM,KirstenDavis@chapman.info,44057311,1970/05/22
Sherry Shaw MD,SherryShaw@compton.com,32360118,27/07/1992
Miss Richard Welch,RichardWelch@stone.net,07870,19-07-2023
Caroline Craig,CarolineCraig44@medina-pratt.biz,14051846,17/02/2023
Matthew Martin,MatthewMartin68@stone.net,16396057,28/11/1993
Miss John Richardson,JohnRichardson46@stone.net,03313266,10-05-2006
Diane Vang,DianeVang@anderson.org,14312485,28/07/1995
Christine Hays,ChristineHays90@burns.com,70900432,11/11/1992
Steven Porter III,StevenPorter@miller.com,18476146,2010/09/15
Mr. Ronald Rios,RonaldRios@ross.com,734506521,1971/04/27
Mrs. Tracey Sullivan,TraceySullivan38@nolan-stevenson.info,09112459,10-09-1986
Miss Andrea King DDS,AndreaKing@cruz.info,16908961,03-05-2014
Ryan Wright DDS,RyanWright@adams-miranda.biz,018098907712,1971/10/14
Ms. Jessica Brown DVM,JessicaBrown@booth-morrison.com,27924578,1971/11/16
Michael Williams,MichaelWilliams@miller.com,33370939,27-11-2011
Christine Rice,ChristineRice95@baker.com,43170459,14/03/1973
Austin Wood DVM,AustinWood@yates.net,7156595209,1997/05/06
Andrea Wilson Jr.,AndreaWilson@anderson-bryan.org,39574487,1992/09/10
Katherine Brown DDS,KatherineBrown57@stone.net,95578191,1979/09/01
Stephanie Smith III,StephanieSmith90@stone.net,43449857,1988/03/21
Michael Gentry,MichaelGentry77@burns.com,46464161,23/01/2004
Michael Santos,MichaelSantos74@bowman-curtis.com,53763092,01/07/2006
Austin Navarro,AustinNavarro32@bowman-curtis.com,02238507,26/05/2006
Melinda Chavez,MelindaChavez85@bridges-myers.com,71520270,14/12/2019
 ,StephanieMendoza@bridges-myers.com,13740303,1975/12/27
Glen Allison,GlenAllison35@jones.info,727,21-06-1993
Patricia Olson,PatriciaOlson99@kramer-young.com,28512503,18/05/1974
Ms. Leslie Martin DDS PhD,LeslieMartin@bridges-myers.com,5513273401964,2022/10/29
Susan Jackson PhD,SusanJackson@schmidt.org,21047997,1978/12/26
Dr. Matthew Hartman,MatthewHartman36@george.com,65335228,1996/10/05
David Luna,DavidLuna@brown-colon.org,96786659,30/11/2004
Dylan Hood,DylanHood@stafford.net,52006974,17/08/1975
Ms. Jeffrey Adams II,JeffreyAdams@small.net,18718712,14-09-2016
Barbara Mathis,BarbaraMathis52@cunningham.com,20068528,03/04/1972
Brittney Taylor MD,BrittneyTaylor61@bridges-myers.com,7,16-07-2023
Bethany Martinez,BethanyMartinez@anderson-bryan.org,22523072,02-10-2005
Richard Matthews,RichardMatthews@williams.com,22151982,16-04-2011
Benjamin Ross DVM,BenjaminRoss@bonilla.com,29764789,1997/12/16
Miss Anthony Heath MD,AnthonyHeath@burns.com,33465405,1981/10/29
Mrs. Mathew Robinson,MathewRobinson89@stone.net,11106578,15-09-1990
Abigail Morgan,AbigailMorgan29@george.com,26868004,03/04/2006
Dr. Shelly Knight,ShellyKnight@jones.info,31296429,2019/05/04
Rebecca Anderson,RebeccaAnderson@schmidt.org,25587970,12-11-2017
Mrs. Christian Yates,ChristianYates9@miller.com,42762778,05-12-1995
Sandra Christian,SandraChristian@miller.com,83850635,24-11-1989
John Roberts,JohnRoberts44@walker.info,731576,04-05-1972
Tom Brooks,TomBrooks@compton.com,69895479,06/03/2001
Robert Ward MD,RobertWard@brown-colon.org,69193223,04/12/1994
Mrs. Michael Garrett,MichaelGarrett10@miller.com,20166506,08-08-2019
Danielle Nelson Jr.,DanielleNelson29@mcdonald.com,10139207,1982/01/08
Mrs. Julia Delgado MD,JuliaDelgado@wilson-olsen.org,54544974,1991/04/19
Steven Li III,StevenLi1@townsend.com,07384015,1978/12/25
Mrs. Kristina Franklin,KristinaFranklin@townsend.com,93915299,15/09/2012
Rebecca Gray,RebeccaGray7@williams.com,5770,04-11-2004
Laura Phillips,LauraPhillips14@kramer-young.com,05756720,16/04/2011
Tonya Price II,TonyaPrice@kramer-young.com,73108226,31/12/1975
James Richardson,JamesRichardson@johnson-obrien.org,06169970,26-05-1984
Tyler Scott PhD,TylerScott@schmidt.org,854449593,1975/05/04
Haley Griffith,HaleyGriffith9@nixon.org,01483449,18/06/1981
Annette George,AnnetteGeorge29@yates.net,57040139,13/09/2002
Mrs. Dale Haynes,DaleHaynes@yates.net,29199978,23-04-1989
Mr. Jose Mckinney,JoseMckinney@watson.com,78125602,1994/01/14
Kristen Allen III,KristenAllen@wilson-olsen.org,07902966,2023/03/27
Alisha White,AlishaWhite3@hebert-ortiz.com,05780876,30-09-2018
Jonathan Weiss,JonathanWeiss99@mcdonald.com,67662801,23/03/1971
Joshua Stanley,JoshuaStanley96@burns.com,83464613,30/04/2009
Nathaniel Brown Jr.,NathanielBrown10@baker.com,49808146,1989/04/16
Katelyn Andrews Jr.,KatelynAndrews68@walker.info,11784249,1981/02/24
Tina Calhoun,TinaCalhoun65@everett.com,47170,24-09-2010
Nicole Cook III,NicoleCook@everett.com,4798296778,1998/09/27
Ms. Alexander Morse II,AlexanderMorse78@allen-brown.com,42638732,08/01/2003
Clifford Meyer,CliffordMeyer34@johnson.biz,09280616,09/09/2022
 ,AnnaPerez@hernandez.com,43532446,24/05/2011
Mr. Samuel Holmes,SamuelHolmes@everett.com,76209728,2017/02/12
Samuel Wright III,SamuelWright@nixon.org,64557408,1973/05/22
Ms. Charles Weiss DVM,CharlesWeiss@mcdonald.com,50530305,2023/01/11
Yolanda Green PhD,YolandaGreen@mcdonald.com,56097678,1987/05/20
Ann Jones DVM,AnnJones100@cunningham.com,42489495,1990/11/15
Dr. Nicholas Thompson II,NicholasThompson@schmidt.org,90092028,05-12-1972
David Romero,DavidRomero23@baker.com,56266319,15-03-2012
Miss Rachel Acosta,RachelAcosta@yates.net,83011,08-07-2023
Michelle Smith,MichelleSmith65@briggs.com,39350184,13/12/2015
Mary Frank,MaryFrank@nolan-stevenson.info,25779448,15/02/1998
Alan Bradley,AlanBradley99@brown-colon.org,19,09-02-2002
Michael King,MichaelKing40@bowman-curtis.com,055114,16-10-2022
Mrs. Patricia Crawford,PatriciaCrawford@hebert-ortiz.com,48110075,07/03/1979
Annette Savage,AnnetteSavage24@wiggins-rodriguez.info,23113170,13/07/1972
Ms. Morgan Reilly,MorganReilly@george.com,35933264,1984/01/01
Danielle Weber,DanielleWeber97@hebert-ortiz.com,73377015,23/10/1979
Matthew Estrada Jr.,MatthewEstrada14@compton.com,27561770,2008/02/24
Teresa Sanchez,TeresaSanchez77@compton.com,11793538,05/12/2005
Robert Davis,RobertDavis100@hebert-ortiz.com,42656585,07-10-1998
Mrs. Jody Johnston PhD,JodyJohnston@chapman.info,43961560,23/03/2002
Deborah Rice MD MD,DeborahRice19@martinez.com,67839,30-06-2023
Jacob Foster,JacobFoster76@ross.com,99605,26-03-1995
Mrs. Elizabeth Barnett II,ElizabethBarnett@chapman.info,7133130719,1994/04/22
Terry Morales II,TerryMorales@hernandez.com,20318995,06-06-1970
Mrs. Stephanie Duran,Mrs.Stephanie@watson.com,33688458,25-06-2011
Stephen Park,StephenPark91@williams.com,83374,14-12-2011
Miss Tony Alvarado,TonyAlvarado@townsend.com,398180,13-07-2023
Mrs. Tiffany Alexander,TiffanyAlexander@brown-colon.org,76864263,05/12/1990
Mrs. Jason Spencer DVM,JasonSpencer@barry.com,69874923,22/07/1981
Jeffery Haas,JefferyHaas76@ross.com,74553187,20-06-1976
Mrs. Marissa Mcclain DDS,MarissaMcclain@burns.com,5186813,02-03-1979
Matthew Kelley,MatthewKelley96@anderson.org,62486340,23/08/2000
John Allen,JohnAllen@briggs.com,51712108,25/04/1981
Mrs. Justin Wagner,JustinWagner@george.com,54877798,16-07-2023
Matthew Leblanc DDS,MatthewLeblanc95@watson.com,24482914,1998/07/03
Scott Lyons PhD,ScottLyons@cruz.info,70753341789,2020/12/18
Melinda Patton,MelindaPatton55@george.com,27591842,18/12/2006
Miss Matthew Lee PhD,MatthewLee@allen-brown.com,08857422,03-05-2004
Brooke Perez,BrookePerez51@stafford.net,24141017,13-09-2021
Brian Sandoval,BrianSandoval13@stone.net,92705332,08/12/2016
Hailey Burns,HaileyBurns53@schmidt.org,324,11-09-2001
Dr. Christopher Lewis PhD,ChristopherLewis@miller.com,613539327728167,1979/08/31
Travis Ruiz DDS,TravisRuiz@walls.biz,20300694432537,1997/01/10
Zachary Valencia,ZacharyValencia@watson.com,00645706,08-10-1979
Miss Richard Boone,RichardBoone@briggs.com,8350181,24-06-2023
Kara Carlson,KaraCarlson40@martinez.com,0593,27-04-1992
Anna Gonzalez Jr.,AnnaGonzalez@robertson.biz,14480919,1990/07/11
Meagan Jefferson,MeaganJefferson@brown-colon.org,33070653,08-02-1974
Mrs. Greg Williams,GregWilliams@jones.info,477700,14-07-2023
Jessica Harper,JessicaHarper45@miller.com,75993835,16/03/1975
Mr. Bruce Singh DDS,Mr.Bruce12@kramer-young.com,18118499,1979/06/11
Ms. Heather Singleton,HeatherSingleton@wilson-olsen.org,32025465,1988/02/15
Alex Pratt,AlexPratt@bridges-myers.com,90097691,07/08/1980
Ann White Jr.,AnnWhite65@hernandez.com,83692558,2019/02/19
Steve Gray,SteveGray@burns.com,89988783,13/05/2012
Miss Karen Ramirez DVM,MissKaren@bowman-curtis.com,38139759,26/10/2004
John Moore,JohnMoore@cruz.biz,38731321,25/09/1977
Glenn Gibson,GlennGibson29@stone.net,642108,05-10-1998
Eric Ryan PhD,EricRyan23@allen-brown.com,95780968,2007/12/31
Aaron Barrett Jr.,AaronBarrett@george.com,37612015,1998/09/17
Jessica Martin,JessicaMartin90@schmidt.org,85724041,15/10/1983
Carlos Ochoa,CarlosOchoa61@stafford.net,2912,08-02-2015
Matthew Walker,MatthewWalker41@brown-colon.org,39569776,03/09/1995
Amanda Kirk II,AmandaKirk@burns.com,65334039,10/12/2008
Marilyn Ford,MarilynFord100@anderson-bryan.org,6,05-12-2019
Sandra Hernandez,SandraHernandez@bonilla.com,13197027,08-04-2017
Ethan Boyle MD,EthanBoyle@wilson-kemp.org,67638520,07/10/2016
Kyle West II,KyleWest78@robertson.biz,6927670,11-06-1981
Dr. Nancy Stanley,NancyStanley@anderson-bryan.org,65547944,1982/12/23
Larry Harris,LarryHarris6@hernandez.com,62,05-11-2002
Keith King,KeithKing@townsend.com,10175072,06/02/2002
Philip Brown,PhilipBrown76@ross.com,62937,04-08-1972
Alexandra Barnett II,AlexandraBarnett@martinez.com,75328256,25-05-1980
Rachael Torres,RachaelTorres56@ross.com,49794756,09/02/2015
Mr. Alan Cruz,AlanCruz11@robertson.biz,48206641,2014/01/12
Jose Stein,JoseStein@jones.info,78534202,16/02/1984
Christopher Larsen,ChristopherLarsen91@booth-morrison.com,91466607,10-07-2023
Ms. Kenneth Estrada,KennethEstrada89@bonilla.com,10049171,1999/04/28
Jacqueline Carr DVM,JacquelineCarr75@yates.net,18125030,2013/03/25
Linda Mcdaniel,LindaMcdaniel19@cruz.biz,97574398,21/04/1971
Mrs. Jacob Hayes PhD,JacobHayes@medina-pratt.biz,14620702,22-09-1982
Mrs. Paul Watson,PaulWatson@everett.com,83300009,03-08-1989
Ms. Rebecca Oconnor,RebeccaOconnor65@bowman-curtis.com,23869984,1980/02/18
Denise Pratt,DenisePratt63@burns.com,1217277,03-01-1984
Robert Johnson,RobertJohnson3@everett.com,84671491,15/06/1992
Michael Reed,MichaelReed1@anderson.org,744551,09-12-1989
Crystal Parker,CrystalParker1@anderson.org,86117162,04/08/2018
Mrs. William Carlson,WilliamCarlson100@anderson.org,55763553,28-11-2012
Miss Joseph Dunn,JosephDunn@cunningham.com,62589259,12-08-2022
 ,AlexisWalter@nixon.org,46539506,1991/07/11
Mrs. Mr. Bobby Fuentes DVM,Mr.Bobby@russo.com,09721372,01/06/1987
Dr. Peter Woods PhD,PeterWoods@barry.com,26635076,2016/11/20
Robert Vincent,RobertVincent40@wilson-kemp.org,80724878,23/10/2020
Robert Randall,RobertRandall98@booth-morrison.com,83331749,13/02/2000
Dylan Fritz PhD,DylanFritz@mcdonald.com,421553207,2015/10/08
Lori Owens,LoriOwens@nixon.org,14093500,11/02/2011
Daniel Burke,DanielBurke61@miller.com,730888,07-01-2007
Nathaniel Duncan,NathanielDuncan@yates.net,90485510,22-09-2011
Lori Perry,LoriPerry@anderson.org,58103705,04/09/1988
Lauren Baker,LaurenBaker83@mcdonald.com,72,12-05-2007
Mary Shaffer,MaryShaffer78@townsend.com,93248573,19-10-1998
Joshua Lopez,JoshuaLopez17@hebert-ortiz.com,3,06-12-2003
Zachary Garcia,ZacharyGarcia20@adams-miranda.biz,02730136,22/07/1997
Dr. Gina Knight,GinaKnight@chapman.info,9166305010363,1993/06/23
Jennifer Camacho,JenniferCamacho@george.com,42938446,12-07-1976
Mrs. Julie Carlson,JulieCarlson@miller.com,7347176,30-06-2023
Dr. Michael Parks,MichaelParks@bonilla.com,48281578,2018/06/18
Dr. Lisa Watson,LisaWatson@burns.com,4762996533761,2011/08/26
Carl James,CarlJames@allen-brown.com,70345034,25/02/2013
Andrew Scott,AndrewScott9@johnson.biz,26428,24-12-1994
Matthew Mcgrath II,MatthewMcgrath42@chapman.info,36911,11-07-2023
Danielle Fischer MD Jr.,DanielleFischer@nixon.org,66967975,2017/07/10
Mr. Charles Perry,CharlesPerry@medina-pratt.biz,41300870,1975/07/05
Ms. Julia Silva III,JuliaSilva@burns.com,81750960,2000/11/08
Don Cannon,DonCannon@anderson-bryan.org,06787906,10/07/2018
Mr. Debbie Guerra,DebbieGuerra@baker.com,82806562,1999/04/08
Joy Hill,JoyHill@bridges-myers.com,67327905,07-06-1973
Miss Gabriel Jones,GabrielJones@cunningham.com,654,14-07-2023
Paul Holt III,PaulHolt64@kramer-young.com,86153979,2001/08/18
Lee Martinez,LeeMartinez7@cruz.info,28,27-06-1972
Angela Strong DDS,AngelaStrong@bowman-curtis.com,55421717,1990/05/20
Dr. Joel Gonzalez III,JoelGonzalez@schmidt.org,15316888,1993/10/14
Anthony Atkins,AnthonyAtkins5@kramer-young.com,14429058,26/06/2013
Jessica Johnson MD,JessicaJohnson42@robertson.biz,204858,03-07-2023
Lisa Watkins,LisaWatkins90@booth-morrison.com,25,02-02-2008
Mr. Dennis Murphy DDS,DennisMurphy@cruz.info,88668139,2021/04/01
Charles Austin,CharlesAustin68@miller.com,74591887,19/07/2000
Mrs. Brianna Allen II,BriannaAllen@medina-pratt.biz,64761433,2022/10/23
Carl Sanford,CarlSanford61@briggs.com,84,23-08-1987
Julia Hernandez II,JuliaHernandez83@mcdonald.com,2,06-07-2023
Mrs. Brenda Pineda,BrendaPineda@wilson-olsen.org,373,28-06-2023
Miss Mrs. Sarah Walker,Mrs.Sarah@miller.com,81206816,23/03/1986
Ms. Victoria Moreno PhD,VictoriaMoreno62@wilson-olsen.org,40904508,2009/10/05
Miss Ana Day,AnaDay88@cruz.biz,8789783,25-01-2006
Isaac Murphy,IsaacMurphy57@jones.info,7,18-11-1981
Timothy Tran,TimothyTran84@williams.com,974672,13-12-2020
Traci Williams,TraciWilliams40@baker.com,32972665,01/08/1976
Scott Davis III,ScottDavis@medina-pratt.biz,135682662078722,2017/06/04
Mr. Edward Martinez Jr.,Mr.Edward@jones.info,45432814,1989/09/10
Melissa Hall,MelissaHall41@robertson.biz,8,11-07-1988
Robert Velez,RobertVelez83@cruz.biz,824,10-04-1987
John Warner III,JohnWarner@mcdonald.com,825246787,1979/08/10
Mrs. Hunter Decker,HunterDecker@stone.net,5678712,19-07-2023
Miss Sarah Mccormick,SarahMccormick72@williams.com,09208863,23-08-2012
Anne Jackson,AnneJackson17@kramer-young.com,214322,12-11-1997
Lauren Goodman,LaurenGoodman11@anderson.org,26172347,17/04/1972
Dr. Megan Rivas,MeganRivas@everett.com,9524468417160,2010/02/06
Paula Meyers,PaulaMeyers49@russo.com,53,03-09-2001
Joe Montgomery,JoeMontgomery68@stone.net,49532076,01/07/2000
Robin Gentry,RobinGentry93@hernandez.com,0055796,12-04-1970
Daisy Ballard III,DaisyBallard@ross.com,24346324,2017/08/25
Mr. Kristen Mccoy DDS,KristenMccoy@adams-miranda.biz,10729446,1977/02/20
Heidi Duran PhD,HeidiDuran@brown-colon.org,3789597877596,2012/10/31
David Stein PhD,DavidStein@cunningham.com,139438292333,1977/10/26
Lori Nichols,LoriNichols4@mcdonald.com,07,20-08-1981
Timothy Peters,TimothyPeters44@george.com,79298030,01/04/2016
Heather Leach PhD,HeatherLeach@wiggins-rodriguez.info,82051890,1976/11/02
Lisa Berry,LisaBerry@watson.com,88674345,05/02/1997
John Nash DDS,JohnNash85@townsend.com,89985586,1974/05/31
Melissa Kelley,MelissaKelley72@mcdonald.com,59487580,01/10/1985
Tiffany Palmer,TiffanyPalmer56@bonilla.com,01071513,26/06/2003
Joseph Hawkins,JosephHawkins51@nolan-stevenson.info,44390958,16/04/2014
Ashley Jones,AshleyJones90@walls.biz,6,04-01-1998
Michael Anderson,MichaelAnderson@wilson-olsen.org,66637342,09-02-1973
Heather Joseph,HeatherJoseph32@mcdonald.com,50146720,20/04/1995
Jason Martinez,JasonMartinez62@jones.info,48715259,12/03/2005
Mr. Michelle Miller II,MichelleMiller44@stone.net,82185175,10/08/1986
Jennifer Pugh DVM,JenniferPugh@bowman-curtis.com,42075522,1997/08/18
John Lozano II,JohnLozano@nolan-stevenson.info,18709876,09/05/1994
Erika Zamora,ErikaZamora19@cruz.biz,25,08-09-2017
Corey Bryant,CoreyBryant32@martinez.com,0,13-09-1994
Christopher Bush,ChristopherBush@walls.biz,95852692,03-11-2020
Thomas Bullock,ThomasBullock83@bonilla.com,71533516,23/03/1976
Mr. Andrew Phillips,AndrewPhillips77@walls.biz,52112614,2018/08/19
Anthony Johnson Jr.,AnthonyJohnson5@nixon.org,58115578,1979/03/19
Caroline Sullivan DDS,CarolineSullivan@wilson-olsen.org,32366790,1997/01/26
Johnathan Medina,JohnathanMedina@bonilla.com,39939292,11-06-1978
Aaron Camacho II,AaronCamacho@brown-colon.org,33714118,06-05-1974
Miss Gerald Bell Jr.,GeraldBell@wilson-kemp.org,66120723,18-08-2010
Patrick Torres,PatrickTorres71@george.com,14652892,27/07/2005
Andrew Shepard,AndrewShepard22@townsend.com,61412847,12/01/1985
Timothy Lewis II,TimothyLewis@nolan-stevenson.info,26593766,19-10-1993
Mrs. Jacob Brown,JacobBrown@kramer-young.com,21053846,17-03-1999
Mr. Larry Robertson DVM,LarryRobertson30@stone.net,80325031,2003/10/19
Caitlin Herman,CaitlinHerman59@allen-brown.com,05482812,13/03/2001
Kenneth Hansen,KennethHansen41@townsend.com,14814252,30/09/2022
Mrs. Sandra Garcia,SandraGarcia@cruz.biz,64317927,04-07-2023
Ms. Robert Thompson DVM,RobertThompson73@baker.com,52669191,1995/12/01
Charles Robles,CharlesRobles91@martinez.com,32468123,27/10/2001
Elizabeth Patel DVM,ElizabethPatel60@wilson-kemp.org,68714844,2019/09/06
Jamie Brewer,JamieBrewer1@wilson-olsen.org,890,08-10-2013
Christopher Rhodes,ChristopherRhodes95@anderson-bryan.org,37850,18-07-2023
Mrs. David Klein DDS,DavidKlein@bonilla.com,62456304,22-06-1991
Mrs. Amy Flynn,Mrs.Amy57@small.net,62964217,05/01/2015
Ann Wilson,AnnWilson@brown-colon.org,11343319,17/12/2007
Mrs. Nicole Howard,NicoleHoward@adams-miranda.biz,80,27-06-2023
Bryan Reyes MD,BryanReyes@baker.com,86896919,11/07/1980
Ms. Cynthia Alvarez MD,CynthiaAlvarez9@burns.com,61793686,13/08/2017
Connie Fry,ConnieFry@burns.com,18890192,14/12/2016
Mario Frank II,MarioFrank@burns.com,31884494,04/02/2001
Mr. Zachary Jones,ZacharyJones@kramer-young.com,14436286,1975/04/06
Miss Raymond Coleman,RaymondColeman54@mcdonald.com,58756941,30-12-1976
Mr. Nathan Gill,NathanGill@briggs.com,77453259179,1995/04/25
Miss Bradley Carpenter,BradleyCarpenter@chapman.info,64231641,15/05/2006
Sean Bernard,SeanBernard34@chapman.info,67338325,18-10-1978
Michael Woods III,MichaelWoods@walls.biz,39230250,1998/09/30
Ian Landry,IanLandry@nixon.org,59259509,27/07/1971
Thomas Brock,ThomasBrock75@adams-miranda.biz,664421,16-01-1985
Audrey Pearson,AudreyPearson8@bowman-curtis.com,49372843,05/02/1977
Stephen Clarke,StephenClarke61@townsend.com,91176465,05/07/2016
Ryan Nixon,RyanNixon@compton.com,82476774,04/10/1987
Morgan Summers,MorganSummers47@baker.com,58488774,15/01/1976
Miss Miguel Harris DDS,MiguelHarris@briggs.com,49568851,31/10/1993
Andrea Mcdaniel Jr.,AndreaMcdaniel81@miller.com,28047251,2009/05/22
Jennifer Brown,JenniferBrown75@allen-brown.com,16267240,19/03/2001
Daniel Cox,DanielCox@wilson-kemp.org,41242826,25/08/1973
Jennifer Herman II,JenniferHerman80@chapman.info,32,06-07-2023
Stacey Hill PhD,StaceyHill@walls.biz,34198941340750,1996/01/27
Gary Ellis,GaryEllis@kramer-young.com,60565230,28/02/1993
Dr. James Brown,JamesBrown@everett.com,2443622400,1973/06/04
Tammie Roach,TammieRoach29@anderson-bryan.org,3556,03-04-1983
Brittney Johnson,BrittneyJohnson@miller.com,32469626,18-05-1975
Jeffrey Hayes III,JeffreyHayes@hebert-ortiz.com,16344167,1979/10/02
Tara Gaines DDS,TaraGaines@mcdonald.com,445267259,1988/04/11
Frank Hayden,FrankHayden36@small.net,01897765,14-12-1972
Peter Ellis III,PeterEllis@wilson-olsen.org,3852621464,1987/10/03
Sharon Allen,SharonAllen61@kramer-young.com,3920534,24-07-2015
Ms. Amanda Shah,AmandaShah@mcdonald.com,996659857984285,1983/02/07
Amy Brown DDS,AmyBrown34@wilson-kemp.org,73480526,2000/03/03
Miss John Reid,JohnReid16@townsend.com,49409513,21/11/1995
Abigail Gonzalez,AbigailGonzalez@stafford.net,53941338,23-03-1990
Dr. Daniel Galvan,DanielGalvan@cunningham.com,59964907,2020/11/05
Phillip Adams DDS,PhillipAdams@brown-colon.org,26951677,1977/10/03
Jay Williams,JayWilliams3@briggs.com,8,11-02-1987
Christine Barnes,ChristineBarnes@johnson.biz,62139788,24-04-1989
Jacqueline Montoya,JacquelineMontoya45@nolan-stevenson.info,338007,04-07-2023
Devin Johnson III,DevinJohnson@yates.net,28287479,2010/01/15
Brandi Andersen II,BrandiAndersen35@anderson.org,0394,14-07-2023
Ronald Higgins,RonaldHiggins80@walls.biz,43297761,18/04/1996
James Dudley,JamesDudley91@briggs.com,21,08-12-1991
Amy Ortiz II,AmyOrtiz49@yates.net,3063,01-12-2012
William Gutierrez DDS,WilliamGutierrez@burns.com,26790036,1975/08/05
 ,JasonPhillips96@johnson-obrien.org,32225385,17/01/2015
Jose Reilly PhD,JoseReilly@yates.net,9668068963095,1974/10/17
Daniel Sanchez,DanielSanchez91@small.net,54940712,22/04/2004
Mrs. Kimberly Howard DVM,KimberlyHoward@townsend.com,57990,17-04-2005
Adam Clark,AdamClark@russo.com,90314099,03/08/1975
Mrs. Jennifer Williams Jr.,JenniferWilliams@robertson.biz,96535360,11/11/1974
Tara Patrick,TaraPatrick77@mcdonald.com,671689,09-05-1990
Michael Wilson,MichaelWilson15@watson.com,66821770,23/07/2005
Ms. James Aguilar III,JamesAguilar@burns.com,30139741,2015/09/05
Mr. Stephen Quinn,StephenQuinn@williams.com,66253457,1971/11/29
Gregory Mayer II,GregoryMayer@hebert-ortiz.com,43362594,15-11-1976
Dr. Brian Jimenez DVM,BrianJimenez@barry.com,43659712,2005/07/10
Mr. Noah Gonzalez,NoahGonzalez@hebert-ortiz.com,80353461,2019/08/08
Erik Jones,ErikJones@williams.com,37115673,26/07/1970
Kathryn Black MD,KathrynBlack@allen-brown.com,24918010,05-05-1996
James Graham,JamesGraham81@nolan-stevenson.info,97,27-08-2000
Ryan Collins,RyanCollins88@stafford.net,3,29-01-1971
Sara Glass,SaraGlass@stafford.net,07410442,30/06/2012
Tonya Davis DVM,TonyaDavis@george.com,4613712392,2000/11/27
Chad Dominguez,ChadDominguez24@cruz.biz,09305361,22/09/2006
Andrea Rogers PhD,AndreaRogers@robertson.biz,71430940,2019/07/26
Mrs. Mark Wood PhD III,MarkWood@baker.com,23342868,18/03/1970
Tiffany Wright,TiffanyWright9@everett.com,01843697,30/01/1990
Shannon Taylor,ShannonTaylor51@allen-brown.com,30205864,08/12/1977
Kirsten Morrison,KirstenMorrison@hebert-ortiz.com,53224332,26-10-1994
Tracy Moore MD,TracyMoore@yates.net,93654042,17/01/1992
Anthony David Jr.,AnthonyDavid@hernandez.com,33752435,2004/01/11
Alex Tyler,AlexTyler@wilson-olsen.org,57371361,20/03/2000
Darlene Brandt,DarleneBrandt76@adams-miranda.biz,88917862,05/06/2012
Janice Vega DVM,JaniceVega@stone.net,988437386,2016/10/26
Eric Smith,EricSmith@walker.info,18487005,29/11/1990
Madeline Carlson,MadelineCarlson@bowman-curtis.com,89622287,20-05-1995
Mr. Justin Wilson,JustinWilson@adams-miranda.biz,08063414,1973/02/08
Mitchell Jackson,MitchellJackson@wilson-olsen.org,71022504,21-12-2020
Shannon Martin,ShannonMartin90@brown-colon.org,55976634,22/03/1971
Dr. Margaret Smith,Dr.Margaret93@johnson-obrien.org,52,05-07-2023
Amanda Johnson,AmandaJohnson3@chapman.info,42773694,10/11/1973
Brendan Gray,BrendanGray52@wilson-olsen.org,9683324,05-09-1978
Ms. Laura Moore,LauraMoore@george.com,302661286,2014/05/10
Lauren Griffin,LaurenGriffin81@hernandez.com,60840937,16/02/2017
Shelly Stanley,ShellyStanley1@stafford.net,23697109,20/07/1983
Candace Bishop,CandaceBishop15@cruz.biz,38070374,08/04/2013
Danielle Haynes DDS,DanielleHaynes46@robertson.biz,25698041,1974/11/19
Ms. Priscilla Johnson III,PriscillaJohnson@adams-miranda.biz,77456725185,1973/07/09
Brandon Bush,BrandonBush1@briggs.com,9622041,09-06-1995
Dr. Michelle Holden,MichelleHolden5@george.com,57435952,1974/11/19
Andrew Taylor PhD,AndrewTaylor@kramer-young.com,53775638,2023/05/12
Ms. Andrew Newton,AndrewNewton@bridges-myers.com,01531252,2021/03/12
Daniel White,DanielWhite43@schmidt.org,932583,16-11-1995
Ivan Giles,IvanGiles@bowman-curtis.com,74611121,14/11/1980
Jamie Mason III,JamieMason@mcdonald.com,87213287505,2004/03/27
Victoria Hendricks,VictoriaHendricks33@townsend.com,7900,03-07-2023
Erik Price,ErikPrice@adams-miranda.biz,53104554,14/11/1980
Mr. Bryan Lopez,BryanLopez@russo.com,1329550231180,1999/07/28
Kristin Hunter,KristinHunter44@nolan-stevenson.info,20606822,05/02/2000
Traci Brown DVM,TraciBrown@chapman.info,107726078202422,2013/09/05
Jamie Peterson,JamiePeterson40@yates.net,23515392,07/01/2014
Anthony Flores,AnthonyFlores15@kramer-young.com,49306891,22/09/1973
Charles Chaney,CharlesChaney96@walls.biz,76752542,09/03/2010
Anne Phillips Jr.,AnnePhillips@johnson-obrien.org,94671258,2008/01/15
Sharon Horne,SharonHorne99@schmidt.org,7512875,18-09-1979
Cynthia Parks II,CynthiaParks@everett.com,56822395,06-06-1988
Mark Stone,MarkStone@bowman-curtis.com,75535574,14/04/1990
