applicant_name,applicant_email,applicant_mobile,applicant_dob
Danielle Daniels,DanielleDaniels@houston.com,23386434,01-10-1973
Wendy James III,WendyJames@werner.com,14008675774238,2018/03/31
Bryan Chapman Jr.,BryanChapman@brown.info,35644848,2000/08/14
Dr. Evelyn Ware Jr.,EvelynWare@west-price.com,42435202,1972/12/23
Matthew Clark PhD,MatthewClark@gardner-dickerson.com,23172514,2023/05/23
Autumn Johnson,AutumnJohnson10@houston.com,56281039,16/01/1974
Mr. Jennifer Miller,JenniferMiller30@brown-greene.com,79733291,1988/08/14
Craig Buchanan,CraigBuchanan1@tucker-walsh.info,05214794,14/09/1976
Douglas Franklin,DouglasFranklin@potter-perez.com,89085711,24-08-1993
Michael Thompson,MichaelThompson@werner.com,30608721,14-02-2022
Dr. Tracy Adams,TracyAdams@houston.com,217636798467,1987/01/15
Timothy Wilson,TimothyWilson12@bradley.com,18063044,10/11/1985
Mrs. Tamara Kidd,TamaraKidd@hall.com,41003869,02-08-1994
Miss Michael Hawkins,MichaelHawkins90@avery-combs.com,17711145,19-02-1988
Mr. Timothy Johnson,TimothyJohnson39@gross-stevens.com,25739515,1996/12/09
Cynthia Hunt,CynthiaHunt43@sanchez.com,3869062,11-11-1998
Alexander Dalton,AlexanderDalton@carey.com,39573133,18-05-1975
Karen Thomas,KarenThomas42@walter.biz,67,23-04-2002
Ms. Megan Hayes,MeganHayes@arias.info,039257103845,2012/06/09
Mr. Susan Kim,SusanKim9@guerrero-dunn.com,96414039,1996/01/25
Ross Lewis,RossLewis@miller.com,92431212,03/05/2012
Matthew Lopez Jr.,MatthewLopez@sawyer.com,82711936,1976/12/02
Daniel Myers,DanielMyers50@houston.com,64685910,03-07-1984
Steven Williams PhD,StevenWilliams38@harrell-rose.biz,77124841,1971/06/17
Ms. Willie Butler III,WillieButler@palmer.com,41943897,1986/03/13
Elizabeth Garcia,ElizabethGarcia@wong.info,07312443,19-09-1997
Donna Ford,DonnaFord@andrews-figueroa.com,28368655,24/07/2018
Katherine Adams DVM,KatherineAdams58@brown-greene.com,42245056,1998/05/22
Robert Meyer,RobertMeyer92@galloway.com,5,13-02-1980
Michael Nelson,MichaelNelson81@galloway.com,31056998,11/10/2005
Mr. Robert Garcia,RobertGarcia@bradley.com,21076267,2022/11/06
Brian Williams,BrianWilliams75@howell-smith.com,10164360,19/02/2017
Emily Medina,EmilyMedina16@walker.info,3385,27-03-1979
Isaiah King II,IsaiahKing@hansen.com,20844194,08/04/2006
Tina Wilson II,TinaWilson@miller.com,82100293,04/08/1989
Alicia Clark,AliciaClark10@carey.com,83792602,09-10-2014
Dr. Jason English,JasonEnglish@gardner-dickerson.com,10057134,1975/12/24
Catherine Jordan,CatherineJordan@brewer-jenkins.net,86919937,03-12-2018
Kimberly James,KimberlyJames73@walker.info,28984981,26/08/2013
Miss Charles Douglas DDS,CharlesDouglas54@nelson-bryant.biz,93,11-03-1999
Jessica Herrera Jr.,JessicaHerrera60@avery-combs.com,48020592,2012/09/25
Tabitha Arnold,TabithaArnold16@mckinney-morales.com,33539575,06/06/2015
 ,KimberlyEdwards@vega.net,19595367,07-01-1974
Gina Wilson DDS,GinaWilson@wong.info,54730368566380,1990/07/03
Miss Lee Lewis,LeeLewis96@vega.net,94340048,22/04/2020
Emily Jackson DDS,EmilyJackson@hall.com,26817058,1987/10/22
Renee Mayo,ReneeMayo@potter-perez.com,95970465,02/04/2012
William Horton,WilliamHorton96@robertson.info,59214408,25/01/2013
Paul Harrell,PaulHarrell23@estrada.com,331,01-02-1987
Mr. Patrick Hammond,PatrickHammond35@brown-greene.com,98673337,2014/03/26
Kayla Ward,KaylaWard@gonzales.biz,45172698,19/06/1999
Jessica Sullivan,JessicaSullivan@garcia.com,62485146,23-04-1977
Kenneth Campbell,KennethCampbell@werner.com,59491733,31-10-1992
Ashley Robinson DVM,AshleyRobinson89@west-price.com,81702669,2013/04/19
Kimberly Kent DDS,KimberlyKent@caldwell-perez.com,68367820,1989/10/31
Patricia Wyatt,PatriciaWyatt40@avery-combs.com,85167710,04/11/1990
Shelly Berger DDS,ShellyBerger@bradley.com,30649522,2006/12/23
Sherry Miller DVM,SherryMiller@estrada.com,34749874,1971/10/19
Beth Simpson,BethSimpson9@nelson-bryant.biz,70196312,07-07-2000
Anthony Stewart III,AnthonyStewart52@garcia-durham.org,13820006,1976/10/26
Amanda Allison,AmandaAllison59@bradley.com,49857794,19/03/1973
Jeffrey Hall,JeffreyHall82@palmer.com,2,28-11-2007
James Hamilton,JamesHamilton96@lewis.org,64252600,02/12/2001
Shane Nelson,ShaneNelson19@navarro.org,53963,02-05-1980
Ms. Samuel Murray III,SamuelMurray@gardner-dickerson.com,09498279,2021/07/25
Tom Wolf,TomWolf@howell-smith.com,76800870,16-01-1993
Michael Rios,MichaelRios77@sawyer.com,490320,15-03-1971
Ms. Jared Blair,JaredBlair@vega.net,24327333999170,1994/09/25
Tracey Wilson PhD,TraceyWilson@houston.com,22661012,2017/03/12
Steven Chung,StevenChung30@hansen.com,80944755,14-05-2009
Miss Jesus Baker DDS,JesusBaker@guerrero-dunn.com,08411141,25-07-2007
Ms. Tiffany Jackson PhD,TiffanyJackson76@vega.net,95082959,2002/04/06
Jeffrey Ochoa Jr.,JeffreyOchoa@bradley.com,40734866,2017/10/28
Travis Moore,TravisMoore74@hall.com,7137,04-11-2020
Miss Grant Stanton Jr.,GrantStanton@palmer.com,02801042,28/10/1993
Lawrence Hinton III,LawrenceHinton84@carey.com,36396842,2001/06/07
Shannon Stephens,ShannonStephens@houston.com,83242373,11-12-2022
Miss Connie Hunter,ConnieHunter@sawyer.com,00,16-07-2023
Brian Hopkins PhD,BrianHopkins@sawyer.com,58340308,1977/03/17
Julie Salinas DDS,JulieSalinas@nelson-bryant.biz,37588809,1979/12/22
Jason Martin,JasonMartin35@mclaughlin.info,256,03-05-1974
Carrie Schmitt,CarrieSchmitt79@johns.biz,50112290,22/07/1974
Miss Kevin Simon,KevinSimon@cunningham.com,58114451,08-09-1976
Lindsey Weber PhD,LindseyWeber@garcia-durham.org,69534905,2002/11/20
Mr. Crystal Gutierrez,CrystalGutierrez@avery-combs.com,56775332,2000/06/07
Mrs. Gina Dudley,GinaDudley@brown.info,93783054,27-12-1984
Mrs. Suzanne Hayes DDS,SuzanneHayes@bradley.com,76108761,25/05/2010
Daniel Dixon,DanielDixon38@gardner-dickerson.com,3,31-05-1979
Richard Newton,RichardNewton21@lewis.org,24600974,28/01/1991
Megan Chung DDS,MeganChung@brown.info,8570501130810,1986/03/19
Sherry Mason,SherryMason23@sanchez.com,529519,17-02-2022
Miss Alexandra Esparza Jr.,AlexandraEsparza@ortiz.org,21281970,29/01/1978
 ,ManuelKnapp47@garcia-durham.org,60254,29-04-2013
Daniel Woods,DanielWoods92@cunningham.com,535999,20-01-1972
Mr. Steven Mayo,StevenMayo@gonzales.biz,631747258643637,2002/07/01
Maria Spears,MariaSpears95@houston.com,64467,09-05-2004
Donna Dean,DonnaDean@walter.biz,76662768,11/11/1993
Rodney Riddle II,RodneyRiddle@arias.info,16649222,15-03-1979
Christy Taylor,ChristyTaylor15@johns.biz,65800563,03/09/2002
Jennifer Torres DDS,JenniferTorres55@hansen.com,60622293,2021/10/13
David Martin,DavidMartin32@arias.info,11983298,18-03-2013
Miss Kristin Manning,KristinManning56@gross-stevens.com,58355374,27-06-2021
Mrs. Richard Ayala,RichardAyala@carlson-lynch.net,4250,06-07-2023
Mr. Luke Griffith,LukeGriffith@johns.biz,77707782,1992/07/05
John Jones,JohnJones@guerrero-dunn.com,50042132,25/12/1977
Patricia Lyons,PatriciaLyons17@bradley.com,01246965,09/06/1998
Timothy Keller,TimothyKeller14@mckinney-morales.com,22632202,02/05/1988
William Jones DDS,WilliamJones@ortiz.org,50662287,2002/08/07
Tracy Foster,TracyFoster3@brewer-jenkins.net,54,02-10-2015
Mrs. Glen Martinez DVM,GlenMartinez@gonzales.biz,27774415,30/12/1986
Anthony Hoffman III,AnthonyHoffman66@potter-perez.com,77816975,2021/09/29
Nicole Jones,NicoleJones75@gross-stevens.com,2,04-02-1991
Kim Lewis PhD,KimLewis87@gardner-dickerson.com,59834620,2008/12/13
Peter Walker,PeterWalker5@gardner-dickerson.com,98935,13-02-1987
Leslie Chen DVM PhD,LeslieChen47@lewis.org,09473043,2015/10/22
Justin Parker MD,JustinParker@ortiz.org,40670378,01-05-1979
Michelle Dudley Jr.,MichelleDudley13@harrell-rose.biz,06569559,2006/01/08
Daniel Delgado,DanielDelgado58@johns.biz,17722614,09/10/2009
Jessica Hunt,JessicaHunt27@carlson-lynch.net,509,29-03-2015
Mrs. Hannah Robinson PhD,HannahRobinson34@howell-smith.com,0,21-07-1989
Daniel Webb MD,DanielWebb@ortiz.org,51492717,21/08/1982
John Lee Jr.,JohnLee18@cameron-benson.org,063,24-07-2001
Jamie Holmes,JamieHolmes18@mckinney-morales.com,029858,05-05-2020
Mr. Kenneth Brown II,KennethBrown@garcia.com,93652489,14-05-2022
Mrs. David Hernandez DDS II,DavidHernandez@nelson-bryant.biz,52003661,29-06-2023
Jason Lewis DDS,JasonLewis@gardner-dickerson.com,30423599608,2006/06/18
Steven Holland,StevenHolland18@carlson-lynch.net,44027977,28/09/1990
Lisa Carpenter,LisaCarpenter33@potter-perez.com,10140515,01/06/1984
Christopher Lambert DVM,ChristopherLambert@arias.info,70385396,1972/12/07
Natasha Anderson,NatashaAnderson@howell-smith.com,18732309,10-05-1972
Traci Walker,TraciWalker54@walker.info,64361,13-12-2014
Dr. Steven Gonzalez,StevenGonzalez9@moses.biz,39639623,1994/10/01
Rebecca Wilson,RebeccaWilson89@guerrero-dunn.com,13846464,02/01/2015
Mrs. Wanda Shelton,WandaShelton@andrews-figueroa.com,982526,09-07-2023
Lisa Copeland MD,LisaCopeland@west-price.com,66499393,17-01-1982
Mrs. Danielle Gill PhD,DanielleGill@guerrero-dunn.com,59152674,10/06/1981
Samuel Lopez,SamuelLopez79@hansen.com,6,09-12-2010
Alexis Hammond,AlexisHammond62@garcia.com,59231324,18/06/2023
Pamela Rosales,PamelaRosales42@hall.com,19407263,01/01/2012
Ms. Meghan Cook,MeghanCook@garcia.com,100719071,2009/08/01
Whitney Garcia,WhitneyGarcia49@sanchez.com,88623618,07/06/1989
Dr. Mary Ward MD,MaryWard83@walker.info,50785567,30-09-1999
Dr. Matthew Singh DVM MD,Dr.Matthew48@ortiz.org,739,14-04-1998
Mrs. Mia Fritz,MiaFritz24@brewer-jenkins.net,15375450,22/07/2003
Denise Perez,DenisePerez83@cunningham.com,8,15-10-2021
Dr. Meredith Yu Jr.,MeredithYu@howell-smith.com,49637555,2020/05/12
Daniel Chung,DanielChung39@west-price.com,02652,29-08-2017
Ms. Justin Mcdaniel,JustinMcdaniel44@mclaughlin.info,37538218,1994/11/30
Emily Wu,EmilyWu@gonzales.biz,83030124,02-01-1971
Aaron Harris,AaronHarris73@moses.biz,591541,11-11-1978
 ,ThomasEdwards81@brown-greene.com,03130357,25/09/2020
Cassandra Tran,CassandraTran50@brown.info,75255834,31/05/1992
Renee Poole PhD,ReneePoole@jackson.com,809652658062610,2002/02/07
John Ford Jr.,JohnFord94@cunningham.com,54392444,1972/01/24
Whitney Hansen,WhitneyHansen32@cameron-benson.org,48612618,08/06/1996
Alyssa Gomez,AlyssaGomez57@allen-jordan.com,08707,15-11-2019
Craig Barnes,CraigBarnes10@guerrero-dunn.com,954,22-12-1980
Wesley Schaefer II,WesleySchaefer50@brown-greene.com,42794445,11-07-2023
Gregory Moore III,GregoryMoore@nelson-bryant.biz,33180706,1977/09/02
Miss Dr. Andrea Hall PhD,Dr.Andrea37@nelson-bryant.biz,43917952,27-07-1976
Kathy Johnston,KathyJohnston87@sanchez.com,56744857,15/03/1974
Jeff Farrell,JeffFarrell79@werner.com,0192151,14-12-2019
Linda Sweeney II,LindaSweeney@robertson.info,36063847,16-08-2010
Mr. Shannon Ortiz,ShannonOrtiz@sanchez.com,23765169,2010/02/28
Amy Lane,AmyLane@gonzales.biz,77000026,15-12-2003
Justin Woods,JustinWoods83@houston.com,3741,19-07-1976
Paul Soto DVM,PaulSoto16@cameron-benson.org,84117854,2017/06/07
Dana Weber,DanaWeber@avery-combs.com,18646161,17/05/1994
Dr. Patricia Tran,PatriciaTran@mckinney-morales.com,16669990,2003/05/08
Elizabeth Dyer,ElizabethDyer62@garcia-durham.org,51014063,10/01/1997
Jared Orozco,JaredOrozco44@estrada.com,17,08-11-2005
William Mann,WilliamMann79@hall.com,13,26-08-2000
Pamela Price,PamelaPrice42@brown-greene.com,69262,07-06-1984
Dorothy Thomas,DorothyThomas8@palmer.com,32518660,15/04/1983
John Mills,JohnMills@west-price.com,13028268,27/07/2022
Dr. Nicole Wilcox,NicoleWilcox@howell-smith.com,86954335,2022/02/21
James Gray,JamesGray@howell-smith.com,52733620,22/08/2012
Miss Jonathon Fitzgerald,JonathonFitzgerald@vega.net,95,08-07-1992
Elizabeth Norton,ElizabethNorton@allen-jordan.com,11932946,31-12-2015
Jason Huerta,JasonHuerta86@johns.biz,08146,21-03-1975
Cameron White MD,CameronWhite@nelson-bryant.biz,69616826,15-04-2021
Jeffrey Stephenson,JeffreyStephenson36@walter.biz,0495,18-07-2023
Douglas Stone DDS,DouglasStone@sawyer.com,61579277,2008/07/07
Steven Valentine,StevenValentine@walker.info,24959412,12-07-2004
Dr. Daniel Flores,DanielFlores@harrell-rose.biz,70424206,2009/04/01
Maria Long,MariaLong@ortiz.org,38138661,20/04/1975
Ms. John Hunt,JohnHunt83@potter-perez.com,65765411,1979/01/05
Miss Jacob Duran MD,JacobDuran@brown.info,51910484,2022/02/21
Mrs. Dominique English,DominiqueEnglish@walker.info,69717164,01/02/2000
Mary Owen DDS,MaryOwen59@jackson.com,69187471,2011/04/28
Michael Paul DVM,MichaelPaul@werner.com,68982737,15-10-1979
Alexander White III,AlexanderWhite100@gross-stevens.com,70280404,2009/05/23
Robert Stout,RobertStout60@walker.info,6,26-05-2013
Robert Schmitt,RobertSchmitt27@garcia-durham.org,31450471,30/12/2005
Benjamin Hughes DDS,BenjaminHughes31@sanchez.com,94532674,1981/09/07
Damon Weaver,DamonWeaver67@nelson-bryant.biz,92,09-05-2001
Jasmin Sloan,JasminSloan9@hansen.com,17325,28-05-2021
Tracey Burgess,TraceyBurgess50@tucker-walsh.info,74547766,07/05/2014
Dakota Patel,DakotaPatel51@navarro.org,080,01-09-1979
Eric Gross,EricGross@navarro.org,16289138,16/03/2006
Kevin Hill,KevinHill@gross-stevens.com,37358812,18/08/2019
Michael Morgan,MichaelMorgan78@wong.info,24511765,19/10/1987
Dr. Christine Johnson,ChristineJohnson@mckinney-morales.com,85787873,1971/09/19
Deborah Love,DeborahLove94@andrews-figueroa.com,7285,05-11-1978
Lisa Chan DVM III,LisaChan@walter.biz,01899796,1993/03/09
Dr. William Buckley,WilliamBuckley57@navarro.org,27098229,1993/03/21
Mariah Davis,MariahDavis16@moses.biz,03,16-11-1980
Mark Mills,MarkMills@carey.com,19859459,01/05/1986
Dr. Craig White,CraigWhite@mclaughlin.info,0349101514,1979/07/31
Dr. Shane Owens PhD,ShaneOwens@carey.com,53649758,2008/05/19
Dr. Kimberly Castro PhD,KimberlyCastro55@nelson-bryant.biz,02513099,2014/08/31
Miss Samantha Kemp DDS,SamanthaKemp@garcia.com,65165407,22/12/1970
Nicole Sanchez,NicoleSanchez90@ortiz.org,31358795,13/06/2017
Maria Cantrell,MariaCantrell2@mckinney-morales.com,12990648,06/12/1998
Mrs. Louis Ferrell,LouisFerrell@gonzales.biz,727,15-07-2023
Janet Lewis MD,JanetLewis83@harrell-rose.biz,72823986,07/09/2021
Dr. Tammy Proctor DVM,TammyProctor@garcia.com,90346504,2017/11/26
Vincent Fisher,VincentFisher85@brown.info,50596121,24/03/2010
Jeffrey Walker,JeffreyWalker75@brewer-jenkins.net,63405402,21/12/1978
Ms. Barbara Marks,BarbaraMarks@houston.com,14528612,1991/11/06
Taylor Gutierrez,TaylorGutierrez@gardner-dickerson.com,94365147,07-09-2015
Jose Gross,JoseGross@houston.com,23920510,14/08/2008
Deborah Jacobs,DeborahJacobs31@hansen.com,89875058,19/04/1993
Jennifer Ewing,JenniferEwing2@gardner-dickerson.com,40984320,08/02/2012
Mrs. Richard Nielsen Jr.,RichardNielsen15@cameron-benson.org,4447238,16-09-1970
Colin Eaton MD,ColinEaton@garcia.com,65363836,25/08/2019
Matthew Craig Jr.,MatthewCraig@gross-stevens.com,25876098,2014/08/21
Adrienne Silva,AdrienneSilva71@potter-perez.com,64366637,03/05/2017
Grant Martinez,GrantMartinez70@ortiz.org,06806619,17/10/2020
Timothy Villegas,TimothyVillegas@tucker-walsh.info,08557942,04-11-1994
Maria Gonzalez,MariaGonzalez37@allen-jordan.com,57964747,26/11/2017
Mr. Sean Newton,SeanNewton@gross-stevens.com,021237286,2023/04/15
Brent White II,BrentWhite@arias.info,83066377,11/03/2015
Ms. Shannon Henry II,ShannonHenry@tucker-walsh.info,67080057,19-05-2003
Ms. Dr. Tammy Green MD,Dr.Tammy44@gonzales.biz,17548170,16/05/1991
Lance Wilson,LanceWilson63@miller.com,97226,31-08-2019
Mr. Teresa Thomas MD,TeresaThomas@mckinney-morales.com,70953489,30-09-2006
Kenneth Atkinson,KennethAtkinson@brown-greene.com,41329087,18-08-2009
Julia Galvan,JuliaGalvan86@vega.net,2000331,19-06-2014
Joan Barr II,JoanBarr23@wong.info,69969504,09-11-2015
Dr. Brian Edwards,BrianEdwards@brown-greene.com,78239767,1978/04/08
Ms. Jenny Patrick DDS,JennyPatrick@arias.info,07440557,1979/06/09
Joseph Parks,JosephParks31@johns.biz,42705709,14-06-1985
Alexa Carter,AlexaCarter43@walker.info,6969627,07-11-1974
Ms. Samantha Conley,SamanthaConley2@carey.com,33309199,1973/01/04
Jorge Weaver,JorgeWeaver32@robertson.info,18840,31-10-1999
Justin Webb II,JustinWebb@palmer.com,63940092,30/08/1971
Jodi Hendricks,JodiHendricks36@lewis.org,00831590,11/02/1997
Heather Wolfe III,HeatherWolfe@johns.biz,41127791,2016/11/23
Carly House II,CarlyHouse@potter-perez.com,02671796,24/02/2018
Valerie Franklin,ValerieFranklin@sanchez.com,56143489,30-01-1997
Jennifer Barron MD,JenniferBarron96@sawyer.com,5554565,16-07-2023
Nicholas Krueger,NicholasKrueger@hall.com,47001092,11-11-2003
Garrett Lewis Jr.,GarrettLewis@gross-stevens.com,06822410,1977/05/05
Miss Daniel Grimes DDS,DanielGrimes@howell-smith.com,83966446,19/02/2013
Christopher Garcia,ChristopherGarcia81@nelson-bryant.biz,17528475,24-06-2023
William Glass II,WilliamGlass@mclaughlin.info,62390346,21-02-2014
Michele Lawrence,MicheleLawrence@mclaughlin.info,14949984,22-11-1996
Mrs. Kevin Adams,KevinAdams@carlson-lynch.net,92031367,03-02-2009
Mr. Gina Levy PhD,GinaLevy75@carey.com,32848215,1994/04/11
David Allen II,DavidAllen@caldwell-perez.com,72203720,15/06/1989
Marc Gonzales MD,MarcGonzales@howell-smith.com,96696003,26-11-2016
Vicki Fields,VickiFields31@moses.biz,373732,30-05-1983
David Weaver,DavidWeaver41@garcia.com,392944,30-10-1993
Marcus Carroll,MarcusCarroll10@jackson.com,75964346,31/12/1995
Brittany Perez,BrittanyPerez19@lewis.org,33229870,22/07/1971
Sierra Lee,SierraLee@walker.info,78740972,27/12/2014
Tonya Mcintosh,TonyaMcintosh57@mclaughlin.info,48172017,19/10/2017
Jason Wilson,JasonWilson82@lewis.org,786192,01-10-2022
Dennis Vargas Jr.,DennisVargas@walker.info,76737378,1977/05/30
 ,LaurenRodriguez@estrada.com,52304991,24-12-2020
William Hunt,WilliamHunt50@cunningham.com,89336970,24-11-1975
Miss Courtney Brooks II,CourtneyBrooks51@garcia-durham.org,20064150,2010/08/19
Scott Walls DVM,ScottWalls@brown.info,1187413797141,1977/10/20
Jacob Lin Jr.,JacobLin34@houston.com,02403069,1993/08/13
Mr. Douglas Hendricks Jr.,DouglasHendricks@moses.biz,393589347,1998/12/01
Mr. Samuel Moss III,SamuelMoss@werner.com,57123053,2000/01/14
Megan Howell,MeganHowell69@howell-smith.com,4470186,16-03-1978
Theresa Reyes DDS,TheresaReyes@gardner-dickerson.com,31758687,1988/06/13
Robert Riggs,RobertRiggs84@wong.info,285960,06-08-1986
Arthur Adams,ArthurAdams88@brewer-jenkins.net,8929,16-04-2004
 ,BriannaJenkins73@avery-combs.com,22762581,11-08-2003
Mackenzie Campbell,MackenzieCampbell88@miller.com,0,29-06-2023
Dr. Marc Mays,MarcMays24@carey.com,03243441,1996/05/13
Abigail Franklin,AbigailFranklin@gardner-dickerson.com,02978277,24-08-1997
Christina Harris,ChristinaHarris@wong.info,99278649,26-03-1971
James Doyle MD,JamesDoyle@brewer-jenkins.net,72969275,04/10/1971
Mr. Christine Bauer,ChristineBauer39@gonzales.biz,35734621,1974/06/04
Dr. Terry Jones PhD,TerryJones@jackson.com,92634299,1970/06/08
Jennifer Hayes,JenniferHayes3@walter.biz,10502945,19/12/2015
Christina Sloan Jr.,ChristinaSloan36@walter.biz,76403487,2005/09/02
Ms. Michelle Neal,MichelleNeal@houston.com,84461975,1997/03/21
Ms. Donald Tate,DonaldTate@harrell-rose.biz,021656256,1987/01/19
Miss Christine Price,ChristinePrice84@werner.com,25472838,19-07-1980
Amy Crawford,AmyCrawford33@houston.com,40339552,28-03-2008
Matthew Hall,MatthewHall80@vega.net,551008,20-07-1993
David Carter,DavidCarter34@gonzales.biz,4594,01-08-1979
Jason Kennedy DVM,JasonKennedy@estrada.com,98498647,2014/02/03
Debra Sutton,DebraSutton26@werner.com,3024570,10-01-1982
Carl Gomez,CarlGomez@brown-greene.com,38209601,17/03/1984
 ,JustinKennedy16@howell-smith.com,81595091,11/07/1994
Hannah Stokes PhD,HannahStokes@cunningham.com,74151433,2007/08/30
Lori Pearson,LoriPearson15@gardner-dickerson.com,10223216,07-11-1997
Bryan Moore DDS,BryanMoore@palmer.com,53378686174450,2000/12/03
Mr. Earl Taylor Jr.,EarlTaylor@robertson.info,87035577,1976/04/09
Kathryn Nelson,KathrynNelson87@wong.info,19308783,26/10/1977
Angela Smith,AngelaSmith6@werner.com,58841743,11-04-2003
Michelle Joyce,MichelleJoyce47@hansen.com,94761563,22/04/2001
Laura Walker,LauraWalker95@phillips.com,3,18-10-2004
Dr. Pam Zimmerman II,Dr.Pam@nelson-bryant.biz,16288156,16-10-2011
Stephen Bowman,StephenBowman39@guerrero-dunn.com,60199565,17/05/1992
Carrie Padilla,CarriePadilla7@gardner-dickerson.com,88777631,24/03/2011
Ian Jenkins III,IanJenkins@harrell-rose.biz,556318858,2022/06/12
Roy Krueger Jr.,RoyKrueger@navarro.org,164615914924498,2022/07/07
Tyler Velasquez MD,TylerVelasquez58@tucker-walsh.info,1372,27-06-2023
Dr. Samantha Warner PhD,SamanthaWarner66@palmer.com,48723336,1988/06/09
Brandi Wiggins,BrandiWiggins68@avery-combs.com,01425472,10/07/1991
Miss Lauren Butler DVM,LaurenButler@allen-jordan.com,75000988,06/01/1981
Derrick George,DerrickGeorge43@mckinney-morales.com,64616454,12/03/1987
Crystal Walker,CrystalWalker84@hall.com,48477010,07/04/1990
Arthur Schultz,ArthurSchultz78@werner.com,05566406,14/05/2007
Ms. Rachael Baldwin,RachaelBaldwin88@brewer-jenkins.net,95039766,2010/10/17
Erica Cole,EricaCole@bradley.com,97159717,02/12/1975
Johnny Johnson,JohnnyJohnson55@miller.com,58109564,23/01/2003
William Graham,WilliamGraham48@gross-stevens.com,47196619,13/11/1979
Michelle Goodman,MichelleGoodman@carey.com,36563759,22-04-1995
Amanda Gilbert,AmandaGilbert11@allen-jordan.com,94338774,14/07/1995
Dr. Traci Hubbard,TraciHubbard@bradley.com,11393773,2002/02/06
Amanda Petty,AmandaPetty68@howell-smith.com,41757,21-12-2003
Miss Scott Elliott,ScottElliott@sanchez.com,33,07-07-2023
Amber Riddle,AmberRiddle21@hernandez-glover.biz,99526368,07-06-2002
Michael Richardson,MichaelRichardson79@robertson.info,98,25-06-2023
Gary Jackson,GaryJackson57@caldwell-perez.com,87206663,06-07-1990
Judith Carroll,JudithCarroll23@vega.net,16827185,01/01/1989
Mr. April Giles,AprilGiles@lewis.org,29607218963,1998/09/10
Miss Tracey Williams Jr.,TraceyWilliams50@harrell-rose.biz,472445,15-05-1983
Mr. David Lopez,DavidLopez@moses.biz,42311549995,1977/01/05
Caitlin Salas II,CaitlinSalas@vega.net,31572575,12-09-1972
Mrs. Ryan Hoover DDS,RyanHoover@gross-stevens.com,33114135,12-07-2008
Michael Spears,MichaelSpears15@allen-jordan.com,88145962,27/08/1984
Stephen Hoffman MD,StephenHoffman61@houston.com,46,25-06-2023
Lisa Allen,LisaAllen@nelson-bryant.biz,37396783,06/10/2010
Melissa Hall,MelissaHall8@gardner-dickerson.com,29860613,28-02-1976
Mindy Davis PhD,MindyDavis@guerrero-dunn.com,098095295,2015/11/12
Craig Simpson MD,CraigSimpson@vega.net,80675862,20-11-2001
Debra Glover,DebraGlover53@ortiz.org,9,20-02-2019
Mr. Jody Bailey PhD,JodyBailey@jackson.com,22652023,2006/04/01
Amanda Williams DVM,AmandaWilliams20@hansen.com,30058609,2022/04/08
Barbara Middleton DDS,BarbaraMiddleton@walter.biz,85290147,2015/02/13
Monica Alexander,MonicaAlexander@cameron-benson.org,58883790,27-02-2021
Candice Graham,CandiceGraham66@tucker-walsh.info,36393785,03/11/1977
Brian Robinson,BrianRobinson30@palmer.com,36385627,22/12/1994
Brandon Crawford,BrandonCrawford@carlson-lynch.net,54077680,01-11-1976
Lauren Anderson DDS,LaurenAnderson8@palmer.com,60728182,2018/02/13
Chelsea Johnson MD,ChelseaJohnson49@nelson-bryant.biz,35,04-07-2023
Lydia Kim DVM,LydiaKim59@robertson.info,45466478,2022/03/14
Mrs. Randy Burns Jr.,RandyBurns@wong.info,52858510,22-02-1982
Ruben Williams,RubenWilliams91@potter-perez.com,63223086,21/07/1992
David Yoder PhD,DavidYoder@lewis.org,528925682949,1974/09/04
Alyssa Oliver III,AlyssaOliver@hansen.com,87208654,1989/10/06
Mr. Jennifer Robinson DDS,JenniferRobinson@walker.info,239638285944359,2014/10/31
Kristy Moody,KristyMoody86@walker.info,100096,18-08-1995
Zachary Patterson DDS,ZacharyPatterson@caldwell-perez.com,55145106,1990/10/27
Gary Jenkins,GaryJenkins100@gardner-dickerson.com,10360,31-07-1970
Dr. Angela Little,AngelaLittle@cameron-benson.org,19398464,1999/06/15
Erika Taylor,ErikaTaylor41@brown-greene.com,25178,04-04-1994
Jerome Barry,JeromeBarry41@gonzales.biz,7861,13-07-2014
Mrs. Jonathan Torres III,JonathanTorres36@gardner-dickerson.com,946367,22-02-1978
Daniel Mcdonald DDS,DanielMcdonald8@hernandez-glover.biz,88905448,2014/11/11
Dylan Moore II,DylanMoore@jackson.com,57008992,02/06/1973
Kathleen Fletcher PhD,KathleenFletcher@carey.com,66014193,1996/07/15
Brandon Washington,BrandonWashington1@allen-jordan.com,3,24-06-2023
Cathy Mckenzie,CathyMckenzie25@arias.info,56570622,24/08/1984
Dr. Kevin Hopkins,KevinHopkins@palmer.com,97584033,1990/10/30
Miss Angela Stephens,AngelaStephens55@gross-stevens.com,75989804,23-08-1981
Miss Tricia Howard,TriciaHoward@johns.biz,7810507,16-07-2023
Tony Chavez DVM,TonyChavez@brown.info,56844246270014,1998/03/11
Melissa Mckay DDS,MelissaMckay@estrada.com,04502687,1997/11/06
Pamela Lopez,PamelaLopez32@carlson-lynch.net,563,17-05-2016
Daniel Cook II,DanielCook21@bradley.com,07017389,17/01/2001
Samantha Webster,SamanthaWebster@moses.biz,55732452,25-03-2021
Dr. Amy Smith,AmySmith32@palmer.com,02787382,1983/12/23
Curtis Reyes,CurtisReyes91@houston.com,14923,30-07-2019
David Harris,DavidHarris27@walker.info,5602,21-07-2000
Patricia Gutierrez,PatriciaGutierrez38@garcia-durham.org,3484,27-06-2023
Mrs. Kenneth Blair DVM,KennethBlair@howell-smith.com,78834082,27/07/1986
Russell Garcia,RussellGarcia55@phillips.com,31526635,23/05/2002
Cory Hill II,CoryHill59@garcia-durham.org,255,11-07-2011
Jon Gonzalez,JonGonzalez35@cunningham.com,612588,25-03-1983
Larry Jones DDS,LarryJones@avery-combs.com,66061408255260,1996/12/22
Anthony Kirby III,AnthonyKirby@howell-smith.com,04586838,1972/11/03
Julie Powell,JuliePowell37@west-price.com,43441,26-10-1991
Mr. Corey Rogers DDS,Mr.Corey@bradley.com,36896347,12-01-2005
Nicholas Morales,NicholasMorales@mckinney-morales.com,06678264,24-02-1983
Ms. Jordan Romero,JordanRomero@harrell-rose.biz,53373144,2007/02/08
Jeffery Singleton Jr.,JefferySingleton@west-price.com,99232996,1977/11/21
Cynthia Bryant,CynthiaBryant59@howell-smith.com,26114138,10/02/1977
Scott Good,ScottGood@nelson-bryant.biz,80017173,01/03/1975
Benjamin Day,BenjaminDay27@miller.com,9416754,15-02-2022
Dr. Matthew Moyer MD,MatthewMoyer@brewer-jenkins.net,24515039,15-07-1994
Miss Bobby Vincent,BobbyVincent@tucker-walsh.info,198227,23-06-2023
Joseph Curtis PhD,JosephCurtis@jackson.com,67568612,1984/02/16
Meghan Maldonado,MeghanMaldonado@gardner-dickerson.com,32871362,29-04-1970
Amanda Rhodes DVM,AmandaRhodes@ortiz.org,19111336,1997/05/15
Luke Morales,LukeMorales68@bradley.com,44798488,05-07-1994
Wayne Thompson,WayneThompson39@carey.com,30832517,08/11/1991
Samantha Sharp,SamanthaSharp49@west-price.com,36185189,07/02/2020
Wayne Martin,WayneMartin80@garcia-durham.org,60352411,24-12-1981
Tim Hunter,TimHunter@nelson-bryant.biz,20903899,12/08/2000
David Curry PhD,DavidCurry@walker.info,1789830666,2003/05/09
Patricia Burns,PatriciaBurns8@arias.info,48720968,29/04/1975
Angela Zavala DVM,AngelaZavala@werner.com,83814849,2016/06/16
Rebecca Marsh Jr.,RebeccaMarsh@hansen.com,95430149,1987/04/07
Paul Tyler,PaulTyler@howell-smith.com,47498524,28/05/1989
Kim Jennings,KimJennings67@guerrero-dunn.com,3105180,14-06-1998
Miss Jonathan Espinoza,JonathanEspinoza@sanchez.com,91662647,19/07/2017
Jamie Hughes,JamieHughes82@andrews-figueroa.com,93079,05-12-1997
Dr. Brian Ortiz,BrianOrtiz@caldwell-perez.com,604788068381983,1987/09/20
Mrs. Douglas Sampson,DouglasSampson19@houston.com,04050359,13-03-2002
Victoria Martinez III,VictoriaMartinez@vega.net,50330597,1998/11/18
Kristen Perez Jr.,KristenPerez@jackson.com,76199846,1979/05/09
Miss Alexander Edwards MD,AlexanderEdwards@houston.com,470109172,1976/06/14
Carolyn Clark II,CarolynClark@wong.info,84069017,28-08-1998
 ,MargaretMoon@phillips.com,44731683,2016/05/14
Patrick Castillo,PatrickCastillo@avery-combs.com,19925506,01-07-1972
Dylan Brown Jr.,DylanBrown@potter-perez.com,856810515,2005/03/02
Mrs. Ms. Tiffany Tran MD,Ms.Tiffany@wong.info,38109,08-05-2010
Colin Werner,ColinWerner13@cameron-benson.org,8173972,08-03-1988
Mrs. Clayton Eaton DVM,ClaytonEaton@galloway.com,86534757,22/07/2005
Mr. Tamara Brewer,TamaraBrewer@brown-greene.com,83531818,2011/08/07
Ms. Vincent Lewis,VincentLewis@robertson.info,78618866,2019/01/23
Cindy Delgado DVM,CindyDelgado@jackson.com,44644746,2008/06/02
Glen Stewart,GlenStewart2@lewis.org,5597213,01-11-2001
Shane Franklin,ShaneFranklin31@cunningham.com,74606795,12/02/1977
Cynthia Erickson,CynthiaErickson@andrews-figueroa.com,75715437,06-09-2005
Gregory Cook,GregoryCook97@gross-stevens.com,9448,01-02-1973
Alexander Wade,AlexanderWade50@hansen.com,55151513,11/07/2005
Miss Michelle Wilson III,MichelleWilson2@allen-jordan.com,302641,20-01-2023
Amy Morgan,AmyMorgan@potter-perez.com,80341637,31/07/2019
Deborah Williams,DeborahWilliams@carey.com,99243403,05-01-1978
Ms. Kevin Doyle,KevinDoyle@walter.biz,624271788934,1979/02/13
Joseph Rose DVM,JosephRose@hall.com,925032935,1976/03/14
Cynthia Edwards DVM,CynthiaEdwards84@carey.com,05729716,2020/09/21
Richard Randolph,RichardRandolph@brown.info,61275818,01-06-2012
Dr. Richard Skinner,RichardSkinner68@houston.com,36190413,1993/01/19
Nicholas Goodwin,NicholasGoodwin@navarro.org,54597547,25-09-1987
Dr. Charles Price Jr.,CharlesPrice@houston.com,57989650,2004/08/25
Donna Morris,DonnaMorris89@cameron-benson.org,3045702,20-04-1995
David Blackburn III,DavidBlackburn90@mclaughlin.info,89854098,1984/07/28
Miss Gabrielle Wheeler,GabrielleWheeler@potter-perez.com,59939986,30/12/2011
Erika Snyder,ErikaSnyder41@howell-smith.com,7800394,23-11-1971
Michael Scott III,MichaelScott@johns.biz,10281117,1979/07/21
Dr. Crystal Armstrong,CrystalArmstrong@hansen.com,30476506,1994/06/06
Lindsey Deleon,LindseyDeleon55@palmer.com,15239388,22/09/2003
Carol Rowland PhD,CarolRowland@gonzales.biz,85951850,1996/12/25
Chad Oconnor,ChadOconnor41@lewis.org,34308261,29-12-1996
Wendy Martin,WendyMartin2@allen-jordan.com,68066,17-10-1999
Eric Calhoun,EricCalhoun36@hernandez-glover.biz,4717,06-07-1977
Craig Jimenez MD,CraigJimenez@guerrero-dunn.com,22092946,10-09-1974
Katelyn Castillo,KatelynCastillo@harrell-rose.biz,14607612,08-03-1980
Maria Murray,MariaMurray33@allen-jordan.com,93114330,31-01-1971
Rebecca Bailey,RebeccaBailey31@howell-smith.com,65363545,07/02/2007
Dr. Dawn Norton DDS,DawnNorton@miller.com,48266960,2008/11/16
Willie May,WillieMay@carey.com,37640069,25/12/2020
William Cowan MD,WilliamCowan@tucker-walsh.info,73578299,13-10-2000
Ms. Anthony Smith,AnthonySmith@sanchez.com,82803831,2022/09/05
Alison Moore,AlisonMoore17@lewis.org,2,20-07-2022
Ms. Andrew Jordan,AndrewJordan@johns.biz,75756527,1974/11/08
Patrick Moon,PatrickMoon54@jackson.com,8298353,19-04-1999
Mckenzie Gomez,MckenzieGomez62@garcia-durham.org,96016746,22/10/1976
Kevin Miller,KevinMiller95@harrell-rose.biz,89631431,18-11-1993
Tracey Hoffman,TraceyHoffman41@lewis.org,02128244,19/05/1997
Mrs. Austin Carter,AustinCarter@carey.com,486,04-07-2023
Dr. Amanda Thompson MD,AmandaThompson87@brewer-jenkins.net,85598332,11/09/1991
Andrew Stout,AndrewStout11@tucker-walsh.info,03,05-05-1974
William Cooper,WilliamCooper65@miller.com,01218303,19/03/2015
Bradley Jones DVM,BradleyJones@gonzales.biz,49282050,2014/08/12
Jonathan Acosta MD,JonathanAcosta45@werner.com,52,27-06-2023
Carrie Herrera,CarrieHerrera20@hansen.com,91362805,19/02/1999
Elizabeth Johnson DDS,ElizabethJohnson@phillips.com,75532181,1975/05/28
Ms. Victoria Mcdonald MD,VictoriaMcdonald@garcia-durham.org,695732,16-04-2018
Timothy Baldwin DDS,TimothyBaldwin65@sanchez.com,49725086,2006/06/02
Heather Mejia DVM,HeatherMejia@walter.biz,22979193,1986/02/23
Mrs. David Mcconnell,DavidMcconnell47@jackson.com,97534594,26-11-2013
Craig Anderson,CraigAnderson23@miller.com,52183026,23/04/1972
Mr. Elizabeth Meyer,ElizabethMeyer33@allen-jordan.com,11438049,1981/02/02
Andrew Gordon Jr. III,AndrewGordon@guerrero-dunn.com,00483809,2015/12/23
Larry Johnston,LarryJohnston63@estrada.com,91869719,03/12/2015
Randy Carter,RandyCarter34@miller.com,9145877,09-12-2019
Jimmy Carrillo,JimmyCarrillo81@tucker-walsh.info,27254455,14/02/2002
Mr. Kenneth Mills,KennethMills@ortiz.org,13418988,1989/02/12
Mr. Dr. Brian White,Dr.Brian16@sawyer.com,44269466,1988/03/04
William Gomez PhD,WilliamGomez@garcia-durham.org,63901024,2016/09/03
Mrs. Calvin Boyd,CalvinBoyd@hall.com,97619288,15-10-1977
Lori Young,LoriYoung@ortiz.org,33976988,12/05/1980
Donald White,DonaldWhite58@brown-greene.com,473,05-05-2019
Scott Mckinney,ScottMckinney42@tucker-walsh.info,83487935,24/02/1989
