applicant_name,applicant_email,applicant_mobile,applicant_dob
Tara Stevens,TaraStevens98@nguyen.com,00341349,30-03-1976
Dr. Jerry Terry DVM,JerryTerry@campbell.net,97178388,1984/06/28
Norman Rogers DVM,NormanRogers@hardy-peterson.org,13838322,2012/05/29
Steven Gillespie,StevenGillespie@bautista-jackson.com,52495317,30-05-2016
Matthew Miller,MatthewMiller97@mosley.com,51829718,11/03/2015
Miss Stanley Johnson,StanleyJohnson59@henderson.biz,11247394,23-03-1994
Angela Roach,AngelaRoach30@patterson-mathis.com,41626043,10-01-2011
Dr. Leslie Ferguson II,LeslieFerguson42@mullins.com,87949816,01/08/2019
Michael Johnson II,MichaelJohnson48@becker-price.com,6,25-06-2023
Julia Mckay Jr.,JuliaMckay@wilson.com,980866758,1982/08/26
Ann Chavez,AnnChavez@adams.biz,47482263,28/12/1977
Larry Matthews,LarryMatthews93@johnson.org,67356648,16/05/2007
Christopher King,ChristopherKing@prince-walls.com,10832304,06-05-2023
Michael Ellison II,MichaelEllison44@mullins.com,932,14-07-2023
Johnny Allen,JohnnyAllen92@castillo.com,9167028,30-10-2010
Anita Harrison,AnitaHarrison78@miller.com,60229585,30/06/1987
Antonio Nguyen,AntonioNguyen63@cobb.com,32651386,21/09/1975
Hayden Wyatt,HaydenWyatt16@miller.com,4,05-12-1983
Dustin Vargas III,DustinVargas@shah.com,78555331,1991/08/29
Albert Fernandez,AlbertFernandez@burns-taylor.com.com,00495620,15-10-2015
Dr.,GeorgeMoreno@sutton.com,49163204,1987/07/12
Leroy Garcia,LeroyGarcia19@brock.org,995,20-06-1978
Michael Crawford,MichaelCrawford@hicks.com,58980810,17-04-1980
Dr. Kevin Haley DVM,KevinHaley@patterson-mathis.com,29689181,2001/02/16
Jeremiah Marsh,JeremiahMarsh23@parker.info,21703835,02/12/1970
Sheri Guzman,SheriGuzman14@robinson.com,0251,01-07-1996
Charles Mcintyre,CharlesMcintyre@acevedo.com,26097585,22-08-1970
Tanya Ward,TanyaWard@shah.com,04278878,05/06/2020
Krystal Vang,KrystalVang86@campbell-burnett.com,877,08-06-2000
Kevin Williams,KevinWilliams77@tucker-cruz.com,22616842,10/02/1998
Heather Dougherty MD,HeatherDougherty@robinson.com,78345298,03-08-2009
Ms. Dawn Austin,DawnAustin@garcia.com,3710634986625,1991/01/21
Alicia Mcclain,AliciaMcclain74@sutton.com,76496351,20/06/1983
Dominique Herrera DVM,DominiqueHerrera@mosley.com,78355123,1975/09/29
Dr. Jennifer Hicks,Dr.Jennifer91@logan.net,61,13-07-2023
Jennifer Sanders,JenniferSanders@morton.com,42397600,15-12-1999
Hannah Perez,HannahPerez88@adams.biz,18504,15-12-1983
Mr. Haley Young II,HaleyYoung@watson-campbell.biz,51796663,08-07-2023
Shannon Ramos III,ShannonRamos@bautista-jackson.com,69939722,1978/03/23
Ashley Webb Jr.,AshleyWebb@nguyen-ramos.com,783118806210,2020/12/11
Amy Pena,AmyPena@miller.com,46963388,18-09-1998
Tammy Williams,TammyWilliams87@burns.com,85658644,08/05/2006
Thomas Morrison PhD,ThomasMorrison57@snyder-jennings.com,95105600,2003/05/11
-,GaryIbarra@becker-price.com,307847265923,1970/11/01
Robert Adams,RobertAdams32@tucker-cruz.com,4454,16-01-2014
Shawn Webb,ShawnWebb@nguyen-ramos.com,30423079,02/09/2008
Vincent Garrett MD,VincentGarrett84@prince-walls.com,71,06-07-2023
Alexander Morrison DDS,AlexanderMorrison@castillo.com,18517895,19/06/1971
Ms. Matthew Carroll,MatthewCarroll65@hardy-peterson.org,69218292,2012/05/31
Lisa Brown,LisaBrown@shelton.com,38250595,08/03/2007
Jeffrey Flores,JeffreyFlores16@hughes-rice.net.com,94603926,01/06/1973
Benjamin Silva,BenjaminSilva53@hicks.com,54858026,11/01/1983
Douglas Hart,DouglasHart91@morton.com,93311,12-05-2016
Mr. William Ramirez,WilliamRamirez28@castillo.com,28909189,1990/03/23
Donna Thornton,DonnaThornton88@tucker-cruz.com,80420572,23/08/1997
Jeremy Tran III,JeremyTran@robinson.com,88665306815,2003/09/13
Mr. John Crawford,JohnCrawford@castillo.com,47545745,1972/03/28
April Sullivan,AprilSullivan6@hall.com,54113231,03/09/1972
Julie Moon,JulieMoon@campbell.net,28246158,28/08/1976
Rebecca Henson,RebeccaHenson97@mills.net,07116958,04/10/2007
 ,JustinSaunders7@castillo.com,45326510,2016/05/30
Ms.,JamiePitts@hopkins.info,4916367483,2005/03/31
Matthew Shaw,MatthewShaw15@burns.com,98231,30-12-2022
Julie Maddox,JulieMaddox32@patterson-mathis.com,748,02-04-1989
Manuel Ramirez,ManuelRamirez100@mills.net,19519040,11/08/1973
Alicia Myers,AliciaMyers31@burns.com,3,07-02-1972
Shawn Robles,ShawnRobles29@patterson-mathis.com,6,05-02-2013
Nicholas Coleman,NicholasColeman@richardson.com,35036333,15-06-1980
John White,JohnWhite@hall.com,25432745,24/01/2020
Robert Fox,RobertFox@hicks.com,63962995,26/04/1996
Matthew Barnes,MatthewBarnes84@campbell.net,77260295,19/10/2020
Nicole Allen,NicoleAllen1@bautista-jackson.com,2665875,04-03-2019
Brian Miller,BrianMiller75@watson-campbell.biz,03,20-01-2009
Dr. Justin Leon,JustinLeon@tucker-cruz.com,694507656999,2005/10/14
Vicki Walker,VickiWalker54@sutton.com,1279,03-08-1991
Nicholas Green,NicholasGreen98@logan.net,96432151,11/09/1975
Wesley Johnson,WesleyJohnson58@tucker-cruz.com,69953200,06/01/1984
Mr. Angela Ball,AngelaBall@burns-taylor.com,126978275,1977/06/28
Amanda Woodard,AmandaWoodard76@robinson.com,56757103,19/12/2013
Jessica Lee PhD,JessicaLee@becker-price.com,5450968483390,2005/01/29
Gary Copeland DVM,GaryCopeland@hicks.com,41506454,2009/10/20
Mary Smith,MarySmith@patterson-mathis.com,49582675,05/03/1985
Ethan Huff,EthanHuff@wilson.com,63842508,27/02/2011
Crystal Martinez,CrystalMartinez@benjamin.biz,35084972,15-02-1991
Ms. Thomas Long,ThomasLong@harris.info,31312964053,2010/05/16
Jacqueline Vazquez,JacquelineVazquez66@tucker-cruz.com,0759,21-06-2023
Miss Jennifer Atkins,JenniferAtkins72@johnson.org,75471523,11-06-2002
Stephanie Ellis DDS,StephanieEllis46@valentine-erickson.biz,0031829959,1976/10/11
Lori Robbins,LoriRobbins60@bautista-jackson.com,4,14-07-2007
Mrs.,Mrs.Alicia@mills.net,08193750,04/02/1985
 ,CathyMathews@lambert.com,24827193,1987/01/20
Robert Mendoza,RobertMendoza62@morton.com,17816627,29/02/1976
Allen Edwards II,AllenEdwards@tucker-cruz.com,97745747,23-07-2016
Rhonda Rich DDS,RhondaRich@nguyen-ramos.com,101067505486605,1991/07/10
Christopher Aguilar II,ChristopherAguilar@logan.net,38053771,31/12/2015
Dr. Kevin Mcconnell,KevinMcconnell65@hopkins.info,23635783,1985/04/10
Jessica Conley,JessicaConley77@watson-campbell.biz,06653371,18/05/1999
Ashley Lewis,AshleyLewis38@shah.com,0979,23-07-1976
 ,DanielleSampson@murillo.net,38209776,13-11-1997
Austin Campbell MD,AustinCampbell5@parker.info,9,17-07-2023
Miss Lori Weaver,LoriWeaver@nguyen-ramos.com,94045135,13-11-1982
Jill Taylor PhD,JillTaylor@benjamin.biz,2338695965561,1974/04/12
Kevin Brown DDS,KevinBrown@campbell.net,48232063946,2011/06/27
Dwayne Larson DDS,DwayneLarson@sutton.com,32809158,1995/02/11
Rebecca Buck,RebeccaBuck96@parker.info,98498,04-06-2012
Maria Miller,MariaMiller31@sutton.com,32,06-11-2014
Ms. Christopher Craig,ChristopherCraig@nguyen.com,90555274,1972/08/05
Eric Marquez,EricMarquez64@johnson.org,3705612,11-07-2011
John Jones,JohnJones@richardson.com,51111181,08/02/2006
Alexander Murillo II,AlexanderMurillo@wagner.net,31633758,07-05-1999
Ms. Joseph Wilson III,JosephWilson@henderson.biz,93331646,1987/11/01
David Mcgee II,DavidMcgee@campbell-burnett.com,76365239,11/02/1983
Andrew Gates,AndrewGates59@mullins.com,7148080,15-09-2007
Gary Torres DDS,GaryTorres@greer.biz,207637286,2006/11/15
Logan Arroyo,LoganArroyo94@parker.info,3736,20-09-1970
Helen Warren,HelenWarren26@morton.com,3,05-07-2011
Robin Nichols DDS,RobinNichols@johnson.org,87025663,1993/04/01
Mrs. Shawn Small,ShawnSmall@becker-price.com,39558311,14-03-2023
Donna Alvarado,DonnaAlvarado85@burns-taylor.com,41979717,05/12/1987
Sarah Hill,SarahHill@henderson.biz,67872965,29/08/2015
John Johnson,JohnJohnson52@patterson-mathis.com,7620839,11-12-1982
Stephanie Molina,StephanieMolina@nguyen-ramos.com,97762647,27-04-2020
Nancy Martin,NancyMartin27@campbell.net,38734,08-05-1989
 ,AnnaMoore@mullins.com,54325116,04/07/2003
Joseph Gonzales Jr.,JosephGonzales100@adams.biz,47847273,1999/06/19
Megan Fitzgerald,MeganFitzgerald@adams.biz,15718314,21-02-1973
Jessica Stewart MD,JessicaStewart32@becker-price.com,8080,28-06-2023
Bruce Allen II,BruceAllen59@garcia.com,17301251,11/10/1994
Melanie Coffey,MelanieCoffey75@wilson.com,80262849,22/10/1995
Sarah Davis III,SarahDavis@burns.com,877836710,1996/07/26
Miss Erin Rose,ErinRose58@lambert.com,39675724,14/10/2005
Ms. Jennifer Peters PhD,JenniferPeters84@mills.net,52922279,2023/03/25
Samantha Allen,SamanthaAllen49@logan.net,99416756,29/03/2004
Miss Katherine Patterson,KatherinePatterson@wagner.net,193007,04-02-1971
Mr. Bradley Miranda III,Mr.Bradley@hardy-peterson.org,36757421,1978/07/30
Raymond Anderson,RaymondAnderson@wagner.net,20863119,04-10-2005
Mr. Angela Wagner,AngelaWagner@greer.biz,58819081,1989/04/01
Anthony Mccarthy,AnthonyMccarthy@valentine-erickson.biz,73340110,11-02-1974
Amanda Anderson DDS,AmandaAnderson93@snyder-jennings.com,79265210,1978/02/26
Veronica Gilmore,VeronicaGilmore@murillo.net,75767685,02-09-1986
Robin Anderson MD DDS,RobinAnderson@logan.net,29878405,2015/11/20
Michael Jackson MD,MichaelJackson94@nguyen.com,95338159,04-07-2023
Christine Boyd,ChristineBoyd60@burns.com,79987927,18/12/1986
Robert Cabrera,RobertCabrera9@harris.info,14906782,20/01/1983
Joseph Bates,JosephBates78@lambert.com,0918,04-12-1996
Michael Martin,MichaelMartin54@burns.com,35172697,12/12/2022
Derrick Hicks DDS,DerrickHicks@watson-campbell.biz,93403974,1981/06/04
Mr. Anthony Scott II,AnthonyScott@hopkins.info,00743582,08-06-2002
Michele Brown III,MicheleBrown@becker-price.com,43175460,1986/09/01
Scott Rodriguez Jr.,ScottRodriguez22@tucker-cruz.com,89539303,1978/09/09
Aaron Morris,AaronMorris88@miller.com,3916,08-09-2014
Tracy Hunt,TracyHunt@campbell.net,68641961,02/05/1987
Anthony Wilson,AnthonyWilson37@adams.biz,19082746,09/07/2014
Tyrone Smith,TyroneSmith23@wilson.com,069,26-09-1987
Calvin Cruz PhD,CalvinCruz@garcia.com,1741144663757,2015/03/31
Mr.,JasmineColon@burns.com,86254030,2016/11/10
-,EdwardChavez@brock.org,99329239,1976/03/11
Anna Reynolds DVM,AnnaReynolds@johnson.org,63985892,2023/03/30
Kenneth Young DVM,KennethYoung@richardson.com,21293779,1983/03/04
Miss Michelle Conway PhD,MichelleConway37@campbell.net,8,25-09-2020
Bryan Hayes DDS,BryanHayes@richardson.com,8176676907268,2006/08/06
Kathleen Schultz,KathleenSchultz@murillo.net,63171388,01-04-2006
Ashley Patterson,AshleyPatterson@hall.com,60395187,22-06-2018
John Thomas II,JohnThomas@hall.com,60266158,23/02/2019
Kimberly Ewing,KimberlyEwing71@watson-campbell.biz,32469234,02/04/1988
Nicole Alvarez,NicoleAlvarez16@campbell.net,64254920,06/02/2013
Benjamin Mcgee,BenjaminMcgee3@miller.com,11276445,22/02/2006
Miss Jennifer Pierce,JenniferPierce86@trujillo.biz,27232084,28-06-1981
Charles Johnson MD,CharlesJohnson15@snyder-jennings.com,34106626,26-06-2023
Deborah Rice,DeborahRice90@hughes-rice.net,25,18-04-1988
Mrs. Cathy Underwood,CathyUnderwood26@becker-price.com,68956416,31-03-2021
Ms. Julie Gardner DVM,JulieGardner@shelton.com,12528400,1990/09/20
Daniel Williams DVM,DanielWilliams46@williams.com,10179552,2020/10/14
Kristine Barrett,KristineBarrett@prince-walls.com,02549919,18-08-2012
Kenneth Benson,KennethBenson2@logan.net,82702656,15/12/2016
Mercedes Calderon PhD,MercedesCalderon@garcia.com,92087537,2007/11/06
Juan Davenport,JuanDavenport13@williams.com,45474982,20/05/1993
Todd Davis,ToddDavis@lambert.com,18417295,25/08/2018
Jennifer Hill III,JenniferHill@logan.net,52252508,2018/09/04
William Ramos II,WilliamRamos@burns-taylor.com,74652442,10-08-2004
Steven Miller III,StevenMiller@shelton.com,33329514,1976/06/14
Anthony Armstrong II,AnthonyArmstrong@greer.biz,41448778,19-05-1997
Mrs. Maria Young,MariaYoung@hall.com,29161475,05-08-2015
Diana Levy,DianaLevy@mills.net,81705581,24/10/1992
Mrs. Zachary Vasquez,ZacharyVasquez39@williams.com,08921226,01-06-2008
Zachary Hernandez DVM,ZacharyHernandez@hopkins.info,15772100,1976/01/15
Jamie Davis Jr.,JamieDavis@watson-campbell.biz,249968744622,2016/08/22
Lisa Aguilar,LisaAguilar21@cobb.com,794179,18-04-2020
Carol Green DVM,CarolGreen@morton.com,116045652,1987/05/06
Ms. Donna Rodriguez,DonnaRodriguez47@shah.com,27100567,1985/09/27
Joseph Simpson,JosephSimpson76@snyder-jennings.com,29462547,09/08/2016
Matthew West,MatthewWest25@prince-walls.com,6204873,24-06-1981
Stephen Beasley Jr.,StephenBeasley81@trujillo.biz,14085617,1984/04/17
Patrick Dalton,PatrickDalton42@greer.biz,48591905,23/10/1998
Melissa Lewis DVM,MelissaLewis@becker-price.com,35610148,1991/02/16
Jessica Jones PhD,JessicaJones@henderson.biz,58077767,1974/07/09
Bethany Wheeler DVM,BethanyWheeler43@murillo.net,81092812,1983/03/21
Mrs.,JamesPayne@nguyen.com,43836440,29-06-1974
Renee Lambert DVM,ReneeLambert@sutton.com,76035824,2011/05/21
Mark Mcgrath,MarkMcgrath27@morton.com,8,27-10-2014
Sierra Silva,SierraSilva84@morton.com,0657255,26-03-1975
John Lopez,JohnLopez@sutton.com,28116605,24/01/1974
William Coleman PhD,WilliamColeman36@shah.com,86552826,1998/12/13
Miss Laura Woodard,LauraWoodard@nguyen.com,00331429,25-06-2023
Kristen Thomas,KristenThomas64@snyder-jennings.com,07770092,24/11/1975
Christine Howard,ChristineHoward@castillo.com,43245692,08-03-2000
Mrs. Michael Allen,MichaelAllen@burns-taylor.com,611,29-06-2023
Aaron Garrett II,AaronGarrett@sutton.com,64795590,26-02-2015
Alex Roberts,AlexRoberts31@shelton.com,57383,17-05-1973
Jennifer Campbell DDS,JenniferCampbell@johnson.org,30609563,2013/05/24
Dr. Carla Rodriguez,CarlaRodriguez49@lambert.com,93837868,2008/01/14
Lynn Garcia MD,LynnGarcia@hardy-peterson.org,11051342,20/12/1988
Lawrence Henderson,LawrenceHenderson99@parker.info,59,08-07-2023
Mr. Devin Alexander III,Mr.Devin@morton.com,29873327,2020/12/08
Mr. Hunter Garcia DDS,Mr.Hunter@shah.com,49792482,1976/12/08
Miss Katie Lin MD,KatieLin74@henderson.biz,20421776,2005/08/06
Mark Clay Jr.,MarkClay72@burns.com,94492294,2019/06/20
Mrs. Michael Vazquez,MichaelVazquez6@henderson.biz,86316048,16-03-2023
Mr. Daniel Cherry,DanielCherry@miller.com,72500415,2010/01/14
Dr. Tonya Salazar MD,TonyaSalazar@robinson.com,51427059,06-12-1990
Mary Middleton,MaryMiddleton6@snyder-jennings.com,12520800,09/07/1982
Timothy Oneal MD,TimothyOneal@watson-campbell.biz,48625251,13-07-2002
Rhonda Wiggins,RhondaWiggins11@bautista-jackson.com,59791402,12/02/1973
Miss Brandi Meza,BrandiMeza@sutton.com,44847842,27-12-1977
Krista Davies DDS,KristaDavies@richardson.com,54627983,2017/07/18
Nancy Stephenson,NancyStephenson@becker-price.com,68956925,27-10-1982
Deanna Jenkins,DeannaJenkins40@sutton.com,50290458,26/08/2008
Janet Maldonado PhD,JanetMaldonado33@johnson.org,10726934,2012/06/30
Scott Wall,ScottWall@burns.com,95283500,04/04/1981
Mitchell Roberts,MitchellRoberts@watson-campbell.biz,66761809,17-01-2020
Brittany Price,BrittanyPrice48@williams.com,34001398,28/02/1979
Kelly Walker,KellyWalker33@campbell.net,917702,21-11-1985
Patrick Bennett DDS,PatrickBennett48@hopkins.info,02144795,1980/02/07
Amy Prince,AmyPrince@harris.info,33812837,05/04/2002
Dr. Travis Martin,TravisMartin@trujillo.biz,75199695,2014/05/05
Dr. Jeffrey Weber DDS,JeffreyWeber@morton.com,45010064,1979/10/10
Heather Murray,HeatherMurray49@wilson.com,57187718,30/09/1992
Michael Bond,MichaelBond60@wagner.net,433,15-11-2004
Angela Houston,AngelaHouston68@wilson.com,26452083,17/08/2021
Trevor Arias,TrevorArias31@campbell.net,76,14-04-1973
Miss Edgar Henderson II,EdgarHenderson52@mosley.com,92096294,1996/06/28
Mr. Noah Rivera III,Mr.Noah73@campbell-burnett.com,62514022,1992/08/07
Wesley Pearson,WesleyPearson35@wong-bruce.info,10624292,04/02/1978
Daniel Adams,DanielAdams31@greer.biz,767,21-09-1973
Laurie White,LaurieWhite10@burns.com,6927,09-07-1976
Miss Dr. John Hill,Dr.John@patterson-mathis.com,1,28-06-2023
William Saunders,WilliamSaunders@watson-campbell.biz,62950336,16-08-1995
Mr. Angela Robinson,AngelaRobinson84@snyder-jennings.com,50636319,2018/04/08
Mrs. Scott Roberts PhD,ScottRoberts@hardy-peterson.org,00026178,07/09/1979
Kristi Scott,KristiScott28@snyder-jennings.com,53642372,13-02-1972
Jennifer Johnson,JenniferJohnson@greer.biz,91784370,02-06-2010
Tamara Walker DVM,TamaraWalker@hall.com,21818652,1974/06/26
James Brandt,JamesBrandt77@mosley.com,202,25-03-1978
Tabitha Marshall,TabithaMarshall@hardy-peterson.org,90008303,07-10-1997
Dr. Erik Wong,ErikWong7@mills.net,73888053,2014/02/08
Robert Alvarez,RobertAlvarez47@wilson.com,01075022,01/10/2008
Bryan Sherman Jr.,BryanSherman@bautista-jackson.com,31171353,1981/03/25
Tony French III,TonyFrench@richardson.com,682421347,2015/07/26
Lauren Ortiz,LaurenOrtiz40@mills.net,1861,05-07-1995
Charles Parks III,CharlesParks@wilson.com,57405671,2008/01/03
Mrs. John Herman PhD,JohnHerman@sutton.com,57661847,13-07-1988
Cassandra Franklin,CassandraFranklin6@morton.com,59770,09-07-2023
Kristy Le PhD,KristyLe50@shah.com,57461028,1983/02/20
Eric Johnson,EricJohnson64@campbell-burnett.com,3,11-11-2013
Benjamin Olson,BenjaminOlson29@mosley.com,30012451,06/04/2008
Joshua Carter Jr.,JoshuaCarter@hopkins.info,55303437,1981/12/08
Sean Robbins,SeanRobbins35@watson-campbell.biz,52561,02-08-2001
Brady Jimenez DDS,BradyJimenez@greer.biz,51327143,1995/03/30
Marc Rice DVM,MarcRice71@burns-taylor.com,77607833,2004/10/04
Mr. Nathan Potter,NathanPotter@burns.com,37334314,1996/10/23
Mr. Jonathan Archer PhD,JonathanArcher44@hicks.com,42342650,2008/01/30
Lisa Rocha,LisaRocha@richardson.com,67720179,22/05/1991
Mrs. Kevin Hardy PhD,KevinHardy@parker.info,47802727,01-02-2009
Latoya Wilson DDS,LatoyaWilson@williams.com,67949049,1992/01/26
Justin Valdez PhD,JustinValdez@hardy-peterson.org,99693787,1974/05/18
Dr. Mr. Anthony Allen DVM,Mr.Anthony@hall.com,38839312981106,1982/07/24
Amanda Fernandez,AmandaFernandez@acevedo.com.com,66019953,06-09-2010
Phillip Davis DVM,PhillipDavis@campbell-burnett.com,69576989,2007/06/15
Tracy Rogers,TracyRogers17@acevedo.com,548054,17-08-1989
Alicia Ellis,AliciaEllis81@valentine-erickson.biz,2276204,02-06-1974
Miss Lisa Espinoza,LisaEspinoza@wagner.net,16,25-06-2023
Edward Jensen Jr.,EdwardJensen@henderson.biz,45017150,1987/05/26
Mr. Angela Powers PhD,AngelaPowers@valentine-erickson.biz,10506719,1996/08/21
Charles Glover,CharlesGlover96@wilson.com,52915217,19/04/1971
Mrs. Michelle Mann,MichelleMann@hughes-rice.net,003956,08-07-2023
Shelby Mcclain,ShelbyMcclain88@burns.com,78517412,16/06/1991
Tina Carter DDS,TinaCarter@tucker-cruz.com,5247632106023,2010/03/30
Timothy Ingram,TimothyIngram43@bautista-jackson.com,99124566,14/06/2014
Ms. Brandon Russell,BrandonRussell70@nguyen-ramos.com,68203422,2017/06/30
James Carpenter II,JamesCarpenter57@campbell.net,770075,21-06-2023
Theresa Thompson,TheresaThompson@tucker-cruz.com,10027623,08-02-1980
Patrick Mullen,PatrickMullen26@benjamin.biz,12075393,12/12/1980
Mr. Brittany Hunt DVM,BrittanyHunt@watson-campbell.biz,32179742,2023/05/31
Miss Jorge Mueller,JorgeMueller@murillo.net,19612294,22-06-2023
Melanie Ellis PhD,MelanieEllis@burns.com,51624763,1986/04/17
Alyssa English,AlyssaEnglish51@hardy-peterson.org,70642781,15/08/1984
Yesenia Morales MD,YeseniaMorales74@valentine-erickson.biz,1990,28-06-2023
Dr. Gary Garcia,GaryGarcia@hall.com,52481803775806,2018/05/21
Sheri Goodman DDS,SheriGoodman@becker-price.com,47055572,2020/09/30
Mrs. Alisha Reid PhD,AlishaReid@mosley.com,29872333,03-03-1979
Alicia Allen,AliciaAllen100@hughes-rice.net,6464,19-05-1996
Pamela Hernandez,PamelaHernandez@parker.info,30384572,26-09-2022
Brandon Wheeler DVM,BrandonWheeler28@nguyen.com,95681922,2016/11/15
Emily Jones III,EmilyJones@hicks.com,2971896269246,1972/01/10
Michael Skinner PhD,MichaelSkinner27@parker.info,08847887,1984/07/07
Jennifer Gray DDS,JenniferGray@shah.com,90752196,2015/12/22
Mrs. Cheryl Taylor II,CherylTaylor@robinson.com,57379755,2005/07/25
Louis Neal,LouisNeal@murillo.net,57996178,05/11/1988
Tyrone Ryan III,TyroneRyan@parker.info,767774848039,1985/11/08
Sean Jackson,SeanJackson1@logan.net,12973,15-04-2017
Daniel Boone II DVM,DanielBoone23@robinson.com,52617746,1976/08/15
Cassidy Gross MD,CassidyGross@hardy-peterson.org,66085355,16-11-1998
Denise Beltran,DeniseBeltran75@morton.com,54382000,31/08/2010
Peter Harris,PeterHarris4@nguyen.com,910120,05-01-1991
Tanya Kemp,TanyaKemp@hopkins.info,55445626,27/08/2011
Amanda Garza,AmandaGarza76@shah.com,59720056,23-08-2000
Robert Dixon,RobertDixon64@patterson-mathis.com,5,28-11-2004
Anthony Williams,AnthonyWilliams@wong-bruce.info,46868838,06-09-1994
Philip Russell,PhilipRussell40@murillo.net,31665122,01/02/2019
Laura Walters MD,LauraWalters@campbell.net,82501455,20-01-1998
 ,BryanMoore@nguyen-ramos.com,41335620,26-08-1989
Ms. Tyler Gilmore III,TylerGilmore@robinson.com,60677364,1981/02/10
Angela Smith,AngelaSmith43@shelton.com,1372875,24-06-1976
Mrs. David Beard Jr.,DavidBeard@sutton.com,75778796,30-01-2007
Paul Roberts,PaulRoberts44@logan.net,991834,14-03-2010
Caitlin Case,CaitlinCase81@adams.biz,0488168,24-09-1984
Jonathan James,JonathanJames14@campbell,67280261,09/11/1992
Dr. Abigail Bentley DVM,AbigailBentley89@brock.org,09816901,1985/01/12
 ,CurtisWalker@parker.info,55967745,1995/10/05
Daniel Thomas DVM,DanielThomas@patterson-mathis.com,09487871,1979/02/04
Paula Patton,PaulaPatton44@campbell-burnett.com,4067,22-02-2006
Daniel Collins,DanielCollins83@henderson.biz,99616705,09/01/1989
Clifford Wolfe,CliffordWolfe34@greer.biz,60221100,21/06/2018
Mr. Laura Spencer II,LauraSpencer@mills.net,80316135,15-08-1985
Amber Taylor,AmberTaylor6@adams.biz,76,09-06-2005
Dr. Susan Carroll,SusanCarroll@garcia.com,40469617,1977/09/08
Cynthia Lowe,CynthiaLowe96@harris.info,43835490,13-01-2018
Dr. Christopher Mejia,ChristopherMejia@parker.info,11093820,1978/01/22
Joseph Ingram MD,JosephIngram@trujillo.biz,51504412,07-07-1983
Jasmine Adkins,JasmineAdkins100@miller.com,12792350,12/09/1989
Matthew Good,MatthewGood98@mills.net,1426805,13-10-1987
Miguel Gallagher,MiguelGallagher@morton.com,33711744,23-06-1989
Ryan Patton MD,RyanPatton@becker-price.com,09234906,01/05/2008
Arthur Robertson,ArthurRobertson@hopkins.info,11637012,11-05-2008
Dr. Jessica Johnson,JessicaJohnson10@mills.net,82966497,1983/07/04
Mr. Patricia Stephenson,PatriciaStephenson@acevedo.com,42647409,1971/06/01
Ana Kerr,AnaKerr@hopkins.info,52349981,25-10-2018
Barbara Clarke,BarbaraClarke78@hughes-rice.net,90561444,11/09/1984
Fernando Lee,FernandoLee82@henderson.biz,886061,01-11-2016
Mr. Tammy Houston,TammyHouston@hicks.com,46944837,2014/09/16
Miss Eric Warren PhD,EricWarren@nguyen.com,25108884,22-12-2004
Mrs. Megan Herrera,MeganHerrera@wagner.net,6602666,28-06-2023
Donna Miller,DonnaMiller3@hall.com,61,02-03-2017
Wesley Wood DVM,WesleyWood@mullins.com,606595624195801,1983/04/15
Daniel Wilson DVM DDS,DanielWilson@garcia.com,90996305,2004/04/22
Mrs. Guy Gilbert,GuyGilbert@cobb.com,40737735,11-02-2014
Cole Crosby Jr. Jr.,ColeCrosby37@prince-walls,63083319,2011/09/04
Lori Gates,LoriGates@miller.com,57991895,02/01/2016
Gabriella Moore Jr.,GabriellaMoore45@burns-taylor.com,87524990,1970/07/01
Tracey Phillips PhD,TraceyPhillips54@prince-walls.com,28224085,2013/05/15
Edwin Vega,EdwinVega@brock.org,95774881,14/07/2016
Jason Weber DDS,JasonWeber@brock.org,81981266380,1975/04/09
John Chung,JohnChung@brock.org,74472533,07/04/1988
Ms. Robert Duncan Jr.,RobertDuncan@hughes-rice.net,94229085,2017/09/17
Maria Haas,MariaHaas@mosley.com,62296514,25/12/1986
Angela Nichols,AngelaNichols76@mosley.com,35853630,22/12/1975
Jacob Hendricks II,JacobHendricks9@murillo.net,33106393,15-07-2023
Sherri Gill PhD,SherriGill@brock.org,5346685140,1986/10/20
Ms. Isaac Mueller,IsaacMueller@bautista-jackson.com,01130771,2002/11/07
Ms. Veronica King II,VeronicaKing@shelton.com,96315878,30-03-1993
Andrew Chung,AndrewChung15@campbell-burnett.com,7,02-12-2008
Ashley Estes,AshleyEstes82@watson-campbell.biz,83216452,19-05-1989
Heather Lewis Jr.,HeatherLewis@benjamin.biz,25687374,2012/12/28
Shannon Campbell,ShannonCampbell@johnson.org,32534266,10-12-2008
Stacey Gutierrez,StaceyGutierrez@johnson.org,21326047,10-01-1984
Bethany Norton,BethanyNorton61@trujillo.biz,30765796,07/01/1970
-,KimberlyDoyle40@richardson.com,84840941,15/03/1998
Tara Mcgrath,TaraMcgrath43@robinson.com,571993,21-02-1983
Jacob Wang,JacobWang@nguyen.com,29126786,04/03/2022
Jared Monroe,JaredMonroe4@logan.net,2970,28-06-2014
Ms. Erin Vargas PhD,ErinVargas@hall.com,71130663,1977/06/01
Charles Bowers,CharlesBowers13@shah.com,87528438,17/03/2007
Teresa Bennett,TeresaBennett20@shelton.com,48256639,08/01/1991
Nicole Jordan DVM,NicoleJordan@shah.com,54963304,1973/02/15
Troy Keith,TroyKeith@becker-price.com,34608200,26/10/1970
Miss John Walker,JohnWalker@snyder-jennings.com,43120358,28-07-1982
Andrea Moss PhD,AndreaMoss@snyder-jennings.com,9955348964153,2005/05/03
Rachel Phillips DDS,RachelPhillips32@becker-price.com,63922078,2000/09/10
Krystal Silva PhD,KrystalSilva@lambert.com,68570155,2015/10/25
Charlotte Moran III,CharlotteMoran74@hicks.com,88282536,2008/03/06
Alyssa Christian,AlyssaChristian@acevedo.com,25409168,21-09-1999
Kevin Hansen,KevinHansen12@shah.com,131162,30-11-2008
Aaron Wilson,AaronWilson28@sutton.com,5727,11-01-1984
Andrew Wagner DDS,AndrewWagner@parker.info,20137512,2012/01/28
Mr. Dawn Greene,DawnGreene@becker-price.com,5051901430930,1982/10/22
Brian Harris,BrianHarris42@acevedo.com,6,28-03-1998
Monica Smith,MonicaSmith68@henderson.biz,0008934,09-06-1979
Julie Fuller,JulieFuller72@morton.com,61086695,17-05-1977
Diamond Haynes,DiamondHaynes94@greer.biz,39636986,12/04/2012
Ms. Daniel Watson PhD,DanielWatson@trujillo.biz,78148347,1997/12/19
Carol Gaines,CarolGaines47@watson-campbell.biz,82,20-03-1970
Michael Yates MD,MichaelYates@becker-price.com,27645601,16-04-2017
Lindsay Randall II,LindsayRandall71@campbell-burnett.com,98598436,06-07-2023
Rachel Chapman MD III,RachelChapman@richardson.com,88973313,2021/10/03
Dr. Ryan Campbell,RyanCampbell@murillo.net,59394685,2016/12/05
Ms. Veronica Murphy Jr.,VeronicaMurphy74@patterson-mathis.com,71449499,2016/05/14
Michelle Jones,MichelleJones15@campbell-burnett.com,25675731,11/10/2002
Miss Gabriela Cole,GabrielaCole@williams.com,48138,05-07-2023
Danielle Parks,DanielleParks17@cobb.com,62159184,28/07/1996
Dr. Alexis Wright,AlexisWright@nguyen.com,63253156,2017/10/21
Miss Christopher Blair DDS,ChristopherBlair@wong-bruce.info,58236713,22/11/1981
Michael Mccann,MichaelMccann54@mills.net,31174597,04/05/1984
Dr. Vanessa Smith PhD,VanessaSmith@wagner.net,05221298,2001/04/20
Priscilla Stuart,PriscillaStuart@acevedo.com,06876690,05-09-1971
Mrs. John Cardenas,JohnCardenas@mills.net,1214827,26-06-2023
Samantha Carpenter,SamanthaCarpenter8@wong-bruce.info,5877826,15-07-2023
Ms. Gregory Perez,GregoryPerez@castillo.com,68089283,2019/11/04
Terri Martinez,TerriMartinez1@morton.com,33637453,29/01/2010
Dr. Hannah Newton,HannahNewton@wagner.net,51908630,1983/07/11
Mrs. John Pineda III,JohnPineda@tucker-cruz.com,97443620,19-11-1990
Roger Williams,RogerWilliams22@mills.net,89649075,05/11/2008
Michael Mccarthy,MichaelMccarthy@burns-taylor.com,39229126,05-09-2003
Elizabeth Vargas,ElizabethVargas@mosley.com,63428045,15-11-2019
Sabrina Travis,SabrinaTravis100@williams.com,84828025,25/02/2011
William Martinez,WilliamMartinez@mosley.com,76642787,23-04-2019
Valerie Jacobson,ValerieJacobson@snyder-jennings.com,48413655,24-03-1986
Nicholas Kim,NicholasKim7@harris.info,3150072,12-01-2011
Sandra Jackson,SandraJackson81@murillo.net,60668060,26/10/1983
Vanessa Harrington,VanessaHarrington6@adams.biz,696,11-07-2023
Megan Turner,MeganTurner29@morton.com,905653,15-11-1994
Natalie Dixon DVM,NatalieDixon@benjamin.biz,76028936,1984/07/07
Sandra Fritz,SandraFritz73@nguyen-ramos.com,300333,24-03-2006
 ,BillyOliver25@wilson.com,76,19-07-2013
Richard Ward,RichardWard94@wong-bruce.info,5361,17-06-2004
Miss Jocelyn Padilla,JocelynPadilla46@logan.net,80032061,28-12-2001
Sarah Nichols III,SarahNichols@johnson.org,47050211,2017/04/22
Kim Patel DVM,KimPatel68@mullins.com,64814106,2019/02/05
Miss Linda Lynch PhD,LindaLynch@trujillo.biz,06153155,21-03-2001
Phillip Butler,PhillipButler72@campbell-burnett.com,15425201,26/08/2014
Ms. Jessica Lucas,JessicaLucas@snyder-jennings.com,00886547,2015/01/14
Mrs. Shelby Flores,ShelbyFlores@mullins.com,06347,06-07-2023
Kara Smith,KaraSmith@hughes-rice.net,67538862,29/10/2018
Ms. Joseph Hall,JosephHall@sutton.com,7530642114,1987/05/11
Ms. Lori Hays III,LoriHays8@burns-taylor.com,00775934,1998/05/14
Margaret Hubbard,MargaretHubbard@logan.net,41589538,11-12-2004
Mrs. Amanda Miller,AmandaMiller@johnson.org,4,21-06-2023
Ms. Robert Morrison PhD,RobertMorrison33@burns.com,36673584,1976/05/21
Mr. Cathy Sanders,CathySanders@bautista-jackson.com,80746961,1992/01/24
Bradley Kirk,BradleyKirk38@acevedo.com,601914,26-10-2018
Wendy Oneill,WendyOneill78@miller.com,54988266,17-04-2010
Tanya Anderson,TanyaAnderson10@williams.com,87421384,26/01/2019
Charles Jackson II,CharlesJackson78@patterson-mathis.com,956150,03-07-2023
Erik Taylor III,ErikTaylor@greer.biz,51466498717112,1993/01/18
Jacob Garrison,JacobGarrison44@garcia.com,09987313,24/09/1987
Jordan Gray PhD,JordanGray@harris.info,754836454,2017/12/16
Mrs. Tammy Shelton,TammyShelton@acevedo.com,54507,02-07-2023
Christopher Martin,ChristopherMartin93@burns.com,3547,23-06-2023
Melissa Patterson Jr.,MelissaPatterson@lambert.com,02764753,1981/06/11
Ms. Lindsey Davis,LindseyDavis@morton.com,00054253,1997/08/23
Catherine Mitchell,CatherineMitchell86@nguyen.com,59854766,29-06-2023
Heather Maldonado MD,HeatherMaldonado@harris.info,59499728,21-02-1980
Peter Ford,PeterFord@campbell-burnett.com,90831449,24/03/2007
Carla Dunn,CarlaDunn@wilson.com,77694479,05/04/1994
Miss Susan Gilbert,SusanGilbert@adams.biz,2599116,29-06-2023
Kimberly Cantu,KimberlyCantu82@snyder-jennings.com,81861892,29/03/1989
Ms. Todd Brooks II,ToddBrooks@tucker-cruz.com,533060,23-06-2023
Stephanie Lamb,StephanieLamb56@watson-campbell.biz,82676430,23/08/2011
Sarah Williams,SarahWilliams21@castillo.com,92146048,26/01/1990
Sydney Dixon DDS,SydneyDixon@parker.info,10037444,28-03-1995
David Gray,DavidGray@henderson.biz,16022565,29/08/2003
Ian Campos,IanCampos@watson-campbell.biz,44278957,09/12/2003
Ms. Matthew Evans,MatthewEvans@watson-campbell.biz,75267591,1980/12/16
Dr. Michael Aguilar,MichaelAguilar95@wong-bruce.info,72406361,1977/01/15
Richard Andrews Jr.,RichardAndrews34@logan.net,88140191,2005/05/25
David Riley MD,DavidRiley@lambert.com,25149768,24/07/2020
Dr. Lauren Rogers DVM PhD,LaurenRogers@logan.net,340344350205419,1971/12/04
Christine Hudson,ChristineHudson@shah.com,30454102,02-12-1972
Logan Swanson PhD,LoganSwanson@miller.com,56819923,2001/03/07
Erik Hammond,ErikHammond65@benjamin.biz,21,24-07-2008
Mrs. Andrea Mitchell DDS,AndreaMitchell96@watson-campbell.biz,5990921,01-02-2002
Kenneth Drake DDS,KennethDrake@valentine-erickson.biz,97860931,1981/05/22
Cindy Vaughn,CindyVaughn12@benjamin.biz,228,15-08-1971
Kendra Johnson,KendraJohnson21@campbell.net,73750408,08/11/1984
Vanessa Wright,VanessaWright38@wilson.com,79318976,06/10/1997
Amy Weaver,AmyWeaver@nguyen.com,40791389,22/09/1988
Sandy Castillo,SandyCastillo66@morton.com,50015573,17/07/1994
Corey Crawford,CoreyCrawford20@trujillo.biz,92992916,26/10/1980
Mr. Nicholas Reed MD,NicholasReed@patterson-mathis.com,93405528,11-01-1995
Tina Nielsen,TinaNielsen38@tucker-cruz.com,39499,24-03-2013
Michael Hodges,MichaelHodges26@williams.com,30226853,29/03/2016
Mrs. Nicholas Vega MD,NicholasVega@campbell.net,20884952,2007/03/21
Julia Hayden,JuliaHayden59@shelton.com,985058,23-10-1980
Katie Pierce,KatiePierce84@johnson.org,20758,10-01-1985
William Williams,WilliamWilliams@lambert.com,44610483,14-03-1970
Ms. Douglas Wheeler II,DouglasWheeler79@brock.org,19071521,10/06/2007
Brandon Hunter,BrandonHunter85@hopkins.info,22644954,22/02/2005
Carrie Munoz,CarrieMunoz60@bautista-jackson.com,84498359,13-01-1977
Margaret Scott,MargaretScott59@patterson-mathis.com,03538614,11/11/1994
Mrs. Sandra Johnson MD,Mrs.Sandra@murillo.net,35794293,05/04/2023
Ms. Alan Barnes,AlanBarnes@acevedo.com,172141404957,2001/11/20
